INSERT INTO `pgen_master_devices` (`id`, `manufacturerId`, `modelName`, `tonerConfigId`, `isCopier`, `isFax`, `isScanner`, `isDuplex`, `isReplacementDevice`, `wattsPowerNormal`, `wattsPowerIdle`, `cost`, `serviceCostPerPage`, `launchDate`, `dateCreated`, `dutyCycle`, `ppmBlack`, `ppmColor`, `isLeased`, `leasedTonerYield`) VALUES
(4, 7, 'Color LaserJet CM6040f', 2, 1, 1, 1, 1, 0, NULL, 10, 8899.99, NULL, '2011-02-26 00:00:00', '2012-09-12 11:04:21', NULL, NULL, NULL, 0, NULL),
(5, 7, 'LaserJet M9050', 1, 1, 0, 1, 1, 0, NULL, 10, 10399.99, NULL, '2012-07-10 00:00:00', '2012-09-12 11:07:43', NULL, NULL, NULL, 0, NULL),
(6, 7, 'LaserJet Enterprise 500 M525dn MFP', 1, 1, 0, 1, 1, 0, NULL, 10, 1899.99, NULL, '2012-09-01 00:00:00', '2012-09-12 11:10:01', NULL, NULL, NULL, 0, NULL),
(7, 7, 'LaserJet 600 M602DN', 1, 0, 0, 0, 1, 0, NULL, 10, 1299.99, NULL, '2012-04-19 00:00:00', '2012-09-12 11:13:17', NULL, NULL, NULL, 0, NULL),
(8, 26, 'ColorQube 8870', 2, 0, 0, 0, 1, 0, NULL, 10, 2399.99, NULL, '2010-10-18 00:00:00', '2012-09-12 11:16:32', NULL, NULL, NULL, 0, NULL),
(9, 7, 'LaserJet Enterprise M4555fskm MFP', 1, 1, 1, 1, 1, 0, NULL, 10, 4699.99, NULL, '2011-04-30 00:00:00', '2012-09-12 11:18:26', NULL, NULL, NULL, 0, NULL),
(11, 27, 'FS-C2626MFP', 2, 1, 1, 1, 1, 0, NULL, 10, 2595, NULL, '2011-08-18 00:00:00', '2012-11-27 16:54:08', NULL, NULL, 28, 0, NULL),
(12, 27, 'ECOSYS FS-4300DN', 1, 0, 0, 0, 1, 0, NULL, 10, 1569, NULL, '2011-01-01 00:00:00', '2012-11-28 09:22:58', NULL, 62, NULL, 0, NULL),
(13, 27, 'TASKalfa 5500i', 1, 1, 0, 1, 1, 0, NULL, 10, 4941, NULL, '2011-01-01 00:00:00', '2012-11-28 09:52:29', NULL, 55, NULL, 0, NULL),
(14, 27, 'TASKalfa 6550ci', 2, 1, 0, 1, 1, 0, NULL, 10, 14500, NULL, '2011-01-01 00:00:00', '2012-11-28 10:03:46', NULL, 65, 65, 0, NULL);

INSERT INTO `pgen_toners` (`id`, `sku`, `cost`, `yield`, `partTypeId`, `manufacturerId`, `tonerColorId`) VALUES
(15, '444670', 339.99, 21000, 1, 7, 2),
(16, '444705', 339.99, 21000, 1, 7, 3),
(17, '444690', 339.99, 21000, 1, 7, 4),
(18, '395025', 59.99, 19500, 1, 7, 1),
(19, '743161', 289.99, 30000, 1, 7, 1),
(20, '164107', 159.99, 30000, 2, 3, 1),
(21, '554553', 219.99, 12500, 1, 7, 1),
(22, '646593', 279.99, 24000, 1, 7, 1),
(23, 'S7938358', 89.99, 17300, 1, 26, 2),
(24, 'S7938359', 89.99, 17300, 1, 26, 3),
(25, 'S7938360', 89.99, 17300, 1, 26, 4),
(26, 'S7938361', 259.99, 16700, 1, 26, 1),
(27, '1T02KV0US0', 80, 7000, 1, 27, 1),
(28, '1T02KVAUS0', 80, 5000, 1, 27, 4),
(29, '1T02KVBUS0', 80, 5000, 1, 27, 3),
(30, '1T02KVCUS0', 80, 5000, 1, 27, 2),
(34, '1T02LV0US0', 78, 25000, 1, 27, 1),
(35, '1T02LH0US1', 107.77, 35000, 1, 27, 1),
(36, '1T02K90US0', 183.21, 70000, 1, 27, 1),
(37, '1T02K9CUS0', 132.08, 30000, 1, 27, 2),
(38, '1T02K9BUS0', 132.08, 30000, 1, 27, 3),
(39, '1T02K9AUS0', 132.08, 30000, 1, 27, 4);

INSERT INTO `pgen_device_toners` (`toner_id`, `master_device_id`) VALUES
(15, 4),
(16, 4),
(17, 4),
(18, 4),
(19, 5),
(20, 5),
(21, 6),
(22, 7),
(23, 8),
(24, 8),
(25, 8),
(26, 8),
(22, 9),
(34, 12),
(35, 13),
(36, 14),
(37, 14),
(38, 14),
(39, 14);

INSERT INTO `pgen_replacement_devices` (`master_device_id`, `replacement_category`, `print_speed`, `resolution`, `monthly_rate`) VALUES
(4, 'COLOR MFP', 1, 1, 249),
(5, 'BLACK & WHITE', 1, 1, 49.99),
(6, 'BLACK & WHITE MFP', 1, 1, 99),
(7, 'COLOR', 1, 1, 149.99);


INSERT INTO `pgen_rms_devices` (`rmsProviderId`, `rmsModelId`, `manufacturer`, `modelName`, `dateCreated`) VALUES
(1, 0, 'Undefined', 'Undefined', '2012-10-15 17:37:49'),
(1, 281, 'Atlantek', 'Model 85c Color Id Pvc Card Printer', '0000-00-00 00:00:00'),
(1, 346, 'Birmy Graphics', 'Powerimage 11/17', '0000-00-00 00:00:00'),
(1, 598, 'Cbm America', 'Idp-560', '0000-00-00 00:00:00'),
(1, 1534, 'Hewlett-packard', 'Color Laserjet', '0000-00-00 00:00:00'),
(1, 1538, 'Hewlett-packard', 'Designjet', '2012-01-25 17:13:46'),
(1, 1553, 'Hewlett-packard', 'Designjet 750c Plus', '0000-00-00 00:00:00'),
(1, 1595, 'Hewlett-Packard', 'LaserJet 4', '2011-12-19 17:05:29'),
(1, 1596, 'Hewlett-Packard', 'LaserJet 4 Plus', '2011-12-19 17:05:29'),
(1, 1597, 'Hewlett-Packard', 'LaserJet 4L', '2011-12-19 17:05:29'),
(1, 1598, 'Hewlett-Packard', 'LaserJet 4M', '2011-12-19 17:05:29'),
(1, 1603, 'Hewlett-Packard', 'LaserJet 4P', '2011-12-19 17:05:29'),
(1, 1604, 'Hewlett-Packard', 'LaserJet 4Si', '2011-12-19 17:05:29'),
(1, 1607, 'Hewlett-Packard', 'LaserJet 5L', '2011-12-19 17:05:29'),
(1, 1609, 'Hewlett-Packard', 'LaserJet 5MP', '2011-12-19 17:05:29'),
(1, 1610, 'Hewlett-Packard', 'LaserJet 5P', '2011-12-19 17:05:29'),
(1, 1611, 'Hewlett-Packard', 'LaserJet 5Si', '2011-12-19 17:05:29'),
(1, 1628, 'Hewlett-packard', 'Officejet', '0000-00-00 00:00:00'),
(1, 1663, 'Ibm', '3170', '0000-00-00 00:00:00'),
(1, 1696, 'Ibm', '3930 02d', '0000-00-00 00:00:00'),
(1, 1754, 'Ibm', '6262 022', '0000-00-00 00:00:00'),
(1, 1781, 'Idea Courier', '13120-02', '0000-00-00 00:00:00'),
(1, 1898, 'Ithaca', 'Pcos Model 71', '0000-00-00 00:00:00'),
(1, 1989, 'Kodak', 'Digital Printer 1000', '2012-01-26 13:05:41'),
(1, 2758, 'Printer Systems International', 'Intelliprint 10', '0000-00-00 00:00:00'),
(1, 2759, 'Printer Systems International', 'Intelliprint 16', '0000-00-00 00:00:00'),
(1, 3001, 'Samsung', 'Protege 5600', '0000-00-00 00:00:00'),
(1, 3082, 'Seiko Instruments', 'Professional Colorpoint 2 Psf 14', '0000-00-00 00:00:00'),
(1, 3093, 'Seiko Instruments', 'Smart Label Printer Plus', '0000-00-00 00:00:00'),
(1, 3098, 'Seikosha', 'Lt-20', '0000-00-00 00:00:00'),
(1, 3226, 'Source Technologies', 'St-3300', '0000-00-00 00:00:00'),
(1, 3260, 'Star Micronics', 'Mp212f-12/24', '0000-00-00 00:00:00'),
(1, 3692, 'Xerox', '4220 Network Printer', '0000-00-00 00:00:00'),
(1, 3700, 'Xerox', '4450/mrp With Stacker', '2012-06-06 11:18:30'),
(1, 3739, 'Xerox', '8924-4e', '0000-00-00 00:00:00'),
(1, 3941, 'Pitney Bowes', 'Model 9610', '0000-00-00 00:00:00'),
(1, 4716, 'Hewlett-Packard', 'LaserJet 5', '2011-12-19 17:05:29'),
(1, 4717, 'Hewlett-Packard', 'LaserJet 5N', '2011-12-19 17:05:29'),
(1, 4718, 'Hewlett-Packard', 'LaserJet 5M', '2011-12-19 17:05:29'),
(1, 4858, 'IBM', 'Network Printer 17', '2011-12-19 17:05:29'),
(1, 4859, 'IBM', 'Network Printer 24', '2011-12-19 17:05:29'),
(1, 4862, 'IBM', 'Network Printer 12', '2011-12-19 17:05:29'),
(1, 5163, 'Hewlett-Packard', 'LaserJet 6P', '2011-12-19 17:05:29'),
(1, 5164, 'Hewlett-Packard', 'LaserJet 6MP', '2011-12-19 17:05:29'),
(1, 5176, 'Canon', 'Np Printer 700', '0000-00-00 00:00:00'),
(1, 5848, 'Lexmark', 'Optra S 1250', '2011-12-19 17:05:29'),
(1, 5849, 'Lexmark', 'Optra S 1650', '2011-12-19 17:05:29'),
(1, 5850, 'Lexmark', 'Optra S 2450', '2011-12-19 17:05:29'),
(1, 5898, 'Hewlett-packard', 'Deskjet 1000cse', '0000-00-00 00:00:00'),
(1, 5956, 'Panasonic', 'Panafax UF-560', '2011-12-19 17:05:29'),
(1, 5979, 'Regma', '9650', '0000-00-00 00:00:00'),
(1, 6147, 'Genicom', 'Microlaser 30d', '0000-00-00 00:00:00'),
(1, 6154, 'Hewlett-packard', 'Officejet 630', '0000-00-00 00:00:00'),
(1, 6335, 'Hewlett-Packard', 'LaserJet 4000', '2011-12-19 17:05:29'),
(1, 6353, 'Hewlett-packard', 'Laserjet 4000se', '0000-00-00 00:00:00'),
(1, 6496, 'Canon', 'imageRUNNER 600', '2011-12-19 17:05:29'),
(1, 6635, 'Fujitsu', 'Printia Laser Xl-5800', '2012-01-17 15:53:39'),
(1, 6684, 'Hewlett-packard', 'Laserjet 6l', '0000-00-00 00:00:00'),
(1, 6881, 'Konica', '7040', '2011-12-19 17:05:29'),
(1, 6978, 'Astro-med', 'Qls-2000', '0000-00-00 00:00:00'),
(1, 7066, 'Astro-med', 'Qls-3000', '0000-00-00 00:00:00'),
(1, 7078, 'Oki', 'Okipage 10i', '2011-12-19 17:05:29'),
(1, 7079, 'Oki', 'Okipage 20', '2011-12-19 17:05:29'),
(1, 7099, 'Hewlett-Packard', 'LaserJet 3100se', '2011-12-19 17:05:29'),
(1, 7111, 'Hewlett-Packard', 'LaserJet 5000 N', '2011-12-19 17:05:29'),
(1, 7299, 'Lexmark', 'Optra S 1255', '2011-12-19 17:05:29'),
(1, 7300, 'Lexmark', 'Optra S 1255n', '0000-00-00 00:00:00'),
(1, 7301, 'Lexmark', 'Optra S 1625', '2011-12-19 17:05:29'),
(1, 7303, 'Lexmark', 'Optra S 1855', '2011-12-19 17:05:29'),
(1, 7305, 'Lexmark', 'Optra S 2455', '2011-12-19 17:05:29'),
(1, 7323, 'Hewlett-Packard', 'LaserJet 8000', '2011-12-19 17:05:29'),
(1, 7324, 'Hewlett-packard', 'Laserjet 8000n', '0000-00-00 00:00:00'),
(1, 7477, 'Lexmark', 'Optra Color 40', '0000-00-00 00:00:00'),
(1, 7478, 'Lexmark', 'Optra Color 40n', '0000-00-00 00:00:00'),
(1, 7747, 'Hewlett-packard', 'Deskjet 895cxi', '0000-00-00 00:00:00'),
(1, 7842, 'Lexmark', 'Optra Se 3455', '2011-12-19 17:05:29'),
(1, 7922, 'Hewlett-Packard', 'LaserJet 1100 se', '2011-12-19 17:05:29'),
(1, 8056, 'Hewlett-Packard', 'LaserJet 8100', '2011-12-19 17:05:29'),
(1, 8057, 'Hewlett-Packard', 'Mopier 320', '2011-12-19 17:05:29'),
(1, 8059, 'Hewlett-Packard', 'Color LaserJet 4500', '2011-12-19 17:05:29'),
(1, 8062, 'Hewlett-packard', 'Color Laserjet 8500', '0000-00-00 00:00:00'),
(1, 8071, 'Hewlett-packard', 'Laserjet 8100dn', '0000-00-00 00:00:00'),
(1, 8149, 'Sharp', 'AR-205', '2011-12-19 17:05:29'),
(1, 8185, 'Oki', 'Okipage 12i', '2011-12-19 17:05:29'),
(1, 8251, 'Sharp', 'AR-405', '2011-12-19 17:05:29'),
(1, 8318, 'Toshiba', 'Premage 551', '0000-00-00 00:00:00'),
(1, 8346, 'Hewlett-Packard', 'LaserJet 2100', '2011-12-19 17:05:29'),
(1, 8378, 'Astro-med', 'Qls-4000', '0000-00-00 00:00:00'),
(1, 8485, 'Hewlett-packard', 'Designjet 1050c', '0000-00-00 00:00:00'),
(1, 8486, 'Hewlett-packard', 'Designjet 1055cm', '0000-00-00 00:00:00'),
(1, 8516, 'IBM', 'InfoPrint 40', '2011-12-19 17:05:29'),
(1, 8538, 'Lexmark', 'Optra E310', '2011-12-19 17:05:29'),
(1, 8758, 'Oki', 'Okipage 6w', '2011-12-19 17:05:29'),
(1, 8762, 'Oki', 'Okipage 24DX', '2011-12-19 17:05:29'),
(1, 8777, 'Hewlett-packard', 'Laserjet', '0000-00-00 00:00:00'),
(1, 8812, 'Hewlett-Packard', 'LaserJet 4050', '2011-12-19 17:05:29'),
(1, 8818, 'Hewlett-packard', 'Laserjet 4050 N', '0000-00-00 00:00:00'),
(1, 8821, 'Hewlett-packard', 'Laserjet 4050se', '0000-00-00 00:00:00'),
(1, 8861, 'Minolta', 'Pagepro 25', '0000-00-00 00:00:00'),
(1, 8927, 'Oki', 'Okipage 18', '0000-00-00 00:00:00'),
(1, 9045, 'Royal Copystar', '1500d', '0000-00-00 00:00:00'),
(1, 9079, 'Xerox', 'Docucolor 12', '0000-00-00 00:00:00'),
(1, 9114, 'Brother', 'HL-1240', '2011-12-19 17:05:29'),
(1, 9115, 'Brother', 'HL-1250', '2011-12-19 17:05:29'),
(1, 9145, 'Mimaki Engineering', 'Pv-90', '0000-00-00 00:00:00'),
(1, 9173, 'Kyocera', 'FS-3750', '2011-12-19 17:05:29'),
(1, 9177, 'Lexmark', 'Optra M410', '2011-12-19 17:05:29'),
(1, 9179, 'Lexmark', 'Optra T610', '2011-12-19 17:05:29'),
(1, 9181, 'Lexmark', 'Optra T612', '2011-12-19 17:05:29'),
(1, 9183, 'Lexmark', 'Optra T614', '2011-12-19 17:05:29'),
(1, 9185, 'Lexmark', 'Optra T616', '2011-12-19 17:05:29'),
(1, 9274, 'Canon', 'BJC-8200', '2011-12-19 17:05:29'),
(1, 9439, 'Minolta', 'MinoltaFax 5600', '2011-12-19 17:05:29'),
(1, 9464, 'Samsung', 'Msys 6800', '0000-00-00 00:00:00'),
(1, 9504, 'Tally', 'T6100', '0000-00-00 00:00:00'),
(1, 9581, 'Xerox', '5900', '0000-00-00 00:00:00'),
(1, 9597, 'Hewlett-Packard', 'LaserJet 3150se', '2011-12-19 17:05:29'),
(1, 9606, 'Hewlett-packard', 'Deskjet 840c', '0000-00-00 00:00:00'),
(1, 9623, 'Canon', 'imageRUNNER 60', '2011-12-19 17:05:29'),
(1, 9681, 'Xerox', 'DocuPrint N2125', '2011-12-19 17:05:29'),
(1, 9685, 'Xerox', 'DocuPrint N4025', '2011-12-19 17:05:29'),
(1, 9705, 'Hewlett-packard', 'Officejet G85xi', '0000-00-00 00:00:00'),
(1, 9962, 'Sharp', 'AR-407', '2011-12-19 17:05:29'),
(1, 9973, 'Hewlett-packard', 'Color Laserjet 8550', '0000-00-00 00:00:00'),
(1, 10016, 'Canon', 'imageCLASS 1100', '2011-12-19 17:05:29'),
(1, 10073, 'Xerox', 'Phaser 750DP', '2011-12-19 17:05:29'),
(1, 10117, 'Roland', 'Mpx-50', '0000-00-00 00:00:00'),
(1, 10169, 'Lexmark', 'Optra C710', '2011-12-19 17:05:29'),
(1, 10186, 'Lexmark', 'Optra E312', '2011-12-19 17:05:29'),
(1, 10192, 'Lexmark', 'Optra C710n', '0000-00-00 00:00:00'),
(1, 10196, 'Lexmark', 'Optra M412', '2011-12-19 17:05:29'),
(1, 10219, 'Ricoh', 'Aficio 700', '2011-12-19 17:05:29'),
(1, 10293, 'Printronix', 'T5204', '0000-00-00 00:00:00'),
(1, 10334, 'Sharp', 'AR-287', '2011-12-19 17:05:29'),
(1, 10387, 'Canon', 'S450', '0000-00-00 00:00:00'),
(1, 10405, 'Casio', 'Speedia V1', '0000-00-00 00:00:00'),
(1, 10614, 'Toshiba', 'eStudio 16', '2011-12-19 17:05:29'),
(1, 10755, 'Hewlett-packard', 'Business Inkjet 2250', '0000-00-00 00:00:00'),
(1, 10786, 'Hewlett-packard', 'Designjet 500', '0000-00-00 00:00:00'),
(1, 10791, 'Hewlett-packard', 'Designjet 800', '0000-00-00 00:00:00'),
(1, 10794, 'Hewlett-packard', 'Designjet 800ps', '0000-00-00 00:00:00'),
(1, 10820, 'Canon', 'Imagerunner 5000n', '0000-00-00 00:00:00'),
(1, 10862, 'IBM', 'InfoPrint 12', '2011-12-19 17:05:29'),
(1, 10929, 'Xerox', 'DocuPrint P1210', '2011-12-19 17:05:29'),
(1, 11015, 'Hewlett-Packard', 'LaserJet 3200', '2011-12-19 17:05:29'),
(1, 11019, 'Minolta-QMS', 'magicolor 2200DP', '2011-12-19 17:05:29'),
(1, 11066, 'Oki', 'Okipage 14i', '2011-12-19 17:05:29'),
(1, 11068, 'Hewlett-Packard', 'LaserJet 8150', '2011-12-19 17:05:29'),
(1, 11069, 'Hewlett-packard', 'Laserjet 8150n', '0000-00-00 00:00:00'),
(1, 11073, 'Hewlett-Packard', 'Color LaserJet 4550', '2011-12-19 17:05:29'),
(1, 11089, 'Lexmark', 'Formsprinter 2481', '0000-00-00 00:00:00'),
(1, 11100, 'Minolta', 'Di450', '2011-12-19 17:05:29'),
(1, 11142, 'Intermec', 'Easycoder 601 Xp', '0000-00-00 00:00:00'),
(1, 11165, 'Kyocera Mita', 'Fs-3800', '0000-00-00 00:00:00'),
(1, 11191, 'Samsung', 'ML-4600', '2011-12-19 17:05:29'),
(1, 11237, 'Ricoh', 'Aficio AP2600', '2011-12-19 17:05:29'),
(1, 11272, 'Hewlett-Packard', 'LaserJet 3200m', '2011-12-19 17:05:29'),
(1, 11301, 'Canon', 'imageRUNNER 8500', '2011-12-19 17:05:29'),
(1, 11343, 'Epson', 'Stylus Photo 1280', '2011-12-19 17:05:29'),
(1, 11373, 'Sharp', 'AR-M350', '2011-12-19 17:05:29'),
(1, 11374, 'Sharp', 'AR-M450', '2011-12-19 17:05:29'),
(1, 11451, 'Hewlett-Packard', 'LaserJet 4100', '2011-12-19 17:05:29'),
(1, 11453, 'Hewlett-Packard', 'LaserJet 2200d', '2011-12-19 17:05:29'),
(1, 11454, 'Hewlett-Packard', 'LaserJet 1200', '2011-12-19 17:05:29'),
(1, 11455, 'Hewlett-Packard', 'LaserJet 1220', '2011-12-19 17:05:29'),
(1, 11466, 'Oki', 'C9200', '2011-12-19 17:05:29'),
(1, 11473, 'Brother', 'HL-2460', '2011-12-19 17:05:29'),
(1, 11474, 'Lexmark', 'Optra C720', '2011-12-19 17:05:29'),
(1, 11485, 'Hewlett-Packard', 'LaserJet 4100n', '2011-12-19 17:05:29'),
(1, 11486, 'Hewlett-packard', 'Laserjet 4100tn', '0000-00-00 00:00:00'),
(1, 11487, 'Hewlett-Packard', 'LaserJet 5000', '2011-12-19 17:05:29'),
(1, 11490, 'Hewlett-packard', 'Laserjet 2200dse', '0000-00-00 00:00:00'),
(1, 11497, 'Hewlett-packard', 'Laserjet 2200dt', '0000-00-00 00:00:00'),
(1, 11498, 'Hewlett-Packard', 'LaserJet 2200dn', '2011-12-19 17:05:29'),
(1, 11502, 'Hewlett-packard', 'Laserjet 1200se', '0000-00-00 00:00:00'),
(1, 11515, 'Xerox', 'DocuPrint N4525', '2011-12-19 17:05:29'),
(1, 11654, 'Hewlett-Packard', 'LaserJet 9000', '2011-12-19 17:05:29'),
(1, 11798, 'Canon', 'imageRUNNER 2200', '2011-12-19 17:05:29'),
(1, 11800, 'Canon', 'imageRUNNER 3300', '2011-12-19 17:05:29'),
(1, 11931, 'Minolta', 'Di351', '0000-00-00 00:00:00'),
(1, 11933, 'Minolta', 'Di351f', '2011-12-19 17:05:29'),
(1, 12001, 'Canon', 'Multipass B-30', '0000-00-00 00:00:00'),
(1, 12190, 'Brother', 'Hl-1030', '0000-00-00 00:00:00'),
(1, 12286, 'Lexmark', 'W820', '2011-12-19 17:05:29'),
(1, 12287, 'Lexmark', 'T622', '0000-00-00 00:00:00'),
(1, 12288, 'Lexmark', 'T620', '0000-00-00 00:00:00'),
(1, 12298, 'Lexmark', 'T522', '0000-00-00 00:00:00'),
(1, 12299, 'Lexmark', 'T520', '0000-00-00 00:00:00'),
(1, 12319, 'Lexmark', 'T520d', '0000-00-00 00:00:00'),
(1, 12320, 'Lexmark', 'T520dn', '0000-00-00 00:00:00'),
(1, 12321, 'Lexmark', 'T520n', '0000-00-00 00:00:00'),
(1, 12323, 'Lexmark', 'T522dn', '0000-00-00 00:00:00'),
(1, 12324, 'Lexmark', 'T522n', '0000-00-00 00:00:00'),
(1, 12325, 'Lexmark', 'W820n', '0000-00-00 00:00:00'),
(1, 12326, 'Lexmark', 'W820dn', '0000-00-00 00:00:00'),
(1, 12330, 'Lexmark', 'T622dn', '0000-00-00 00:00:00'),
(1, 12332, 'Lexmark', 'T622n', '0000-00-00 00:00:00'),
(1, 12486, 'Lexmark', 'X83', '2011-12-19 17:05:29'),
(1, 12502, 'Brother', 'HL-1440', '2011-12-19 17:05:29'),
(1, 12503, 'Brother', 'HL-1450', '2011-12-19 17:05:29'),
(1, 12504, 'Brother', 'HL-1470N', '2011-12-19 17:05:29'),
(1, 12506, 'Brother', 'MFC-8500', '2011-12-19 17:05:29'),
(1, 12509, 'IBM', 'Infoprint 1125', '2011-12-19 17:05:29'),
(1, 12510, 'IBM', 'Infoprint 1130', '2011-12-19 17:05:29'),
(1, 12511, 'IBM', 'Infoprint 1140', '2011-12-19 17:05:29'),
(1, 12512, 'IBM', 'Infoprint 1145', '2011-12-19 17:05:29'),
(1, 12650, 'Brother', 'MFC-9700', '2011-12-19 17:05:29'),
(1, 12652, 'Canon', 'imageRUNNER 6000', '2011-12-19 17:05:29'),
(1, 12690, 'Canon', 'Imagerunner 5000', '0000-00-00 00:00:00'),
(1, 12806, 'Kyocera Mita', 'FS-9500DN', '2011-12-19 17:05:29'),
(1, 12851, 'Xerox', 'Phaser 7700DN', '2011-12-19 17:05:29'),
(1, 12853, 'Canon', 'imageRUNNER 105', '2011-12-19 17:05:29'),
(1, 12904, 'Hewlett-Packard', 'LaserJet 1000', '2011-12-19 17:05:29'),
(1, 12908, 'Hewlett-packard', 'Photosmart 100', '0000-00-00 00:00:00'),
(1, 12910, 'Xerox', 'Phaser 7700GX', '2011-12-19 17:05:29'),
(1, 12959, 'Kyocera Mita', 'Km-2530', '0000-00-00 00:00:00'),
(1, 12960, 'Kyocera Mita', 'KM-3530', '2011-12-19 17:05:29'),
(1, 12981, 'Hewlett-packard', 'Deskjet 960c', '0000-00-00 00:00:00'),
(1, 13073, 'Panasonic', 'Panafax UF-490', '2011-12-19 17:05:29'),
(1, 13083, 'Lexmark', 'C910', '2011-12-19 17:05:29'),
(1, 13090, 'Hewlett-packard', 'Color Inkjet Cp1160', '0000-00-00 00:00:00'),
(1, 13095, 'Hewlett-packard', 'Business Inkjet 2600', '0000-00-00 00:00:00'),
(1, 13118, 'Sharp', 'AR-P350', '2011-12-19 17:05:29'),
(1, 13120, 'Ricoh', 'Aficio 1022', '2011-12-19 17:05:29'),
(1, 13123, 'Ricoh', 'Aficio 1027', '2011-12-19 17:05:29'),
(1, 13134, 'Ricoh', 'Aficio 1013', '2011-12-19 17:05:29'),
(1, 13257, 'Minolta-QMS', 'magicolor 3100', '2011-12-19 17:05:30'),
(1, 13395, 'Ricoh', 'Aficio 1018D', '2011-12-19 17:05:30'),
(1, 13397, 'Canon', 'imageRUNNER 7200', '2011-12-19 17:05:30'),
(1, 13398, 'Canon', 'imageRUNNER 3300i', '2011-12-19 17:05:30'),
(1, 13399, 'Canon', 'imageRUNNER 85', '2011-12-19 17:05:30'),
(1, 13412, 'Ricoh', 'Aficio AP4510', '2011-12-19 17:05:30'),
(1, 13448, 'Minolta', 'Di650', '2011-12-19 17:05:30'),
(1, 13470, 'Kyocera Mita', 'FS-1010', '2011-12-19 17:05:30'),
(1, 13679, 'Hewlett-Packard', 'LaserJet 4100 mfp', '2011-12-19 17:05:30'),
(1, 13681, 'Hewlett-Packard', 'LaserJet 9000 mfp', '2011-12-19 17:05:30'),
(1, 13890, 'Panasonic', 'Panafax DX-800', '2011-12-19 17:05:30'),
(1, 13891, 'Panasonic', 'Workio DP-6010', '2011-12-19 17:05:30'),
(1, 13892, 'Panasonic', 'Workio Dp-4510', '2011-12-20 17:07:42'),
(1, 13893, 'Panasonic', 'Workio DP-3510', '2011-12-19 17:05:30'),
(1, 13966, 'Hewlett-packard', 'Business Inkjet 2280', '0000-00-00 00:00:00'),
(1, 13976, 'Canon', 'imageRUNNER 1600', '2011-12-19 17:05:30'),
(1, 14007, 'Xerox', 'Phaser 6200n', '0000-00-00 00:00:00'),
(1, 14047, 'Samsung', 'ML-1430', '2011-12-19 17:05:30'),
(1, 14118, 'Panasonic', 'Panafax UF-590', '2011-12-19 17:05:30'),
(1, 14127, 'Ricoh', 'Aficio 1013F', '2011-12-19 17:05:30'),
(1, 14243, 'Hewlett-Packard', 'Color LaserJet 4600', '2011-12-19 17:05:30'),
(1, 14244, 'Hewlett-packard', 'Color Laserjet 4600dn', '0000-00-00 00:00:00'),
(1, 14245, 'Hewlett-packard', 'Color Laserjet 4600dtn', '0000-00-00 00:00:00'),
(1, 14248, 'Hewlett-Packard', 'LaserJet 5100', '2011-12-19 17:05:30'),
(1, 14250, 'Hewlett-packard', 'Laserjet 5100tn', '0000-00-00 00:00:00'),
(1, 14263, 'Toshiba', 'Estudio 6cp', '0000-00-00 00:00:00'),
(1, 14273, 'Lanier', '2000', '0000-00-00 00:00:00'),
(1, 14316, 'Tally', 'T6212', '0000-00-00 00:00:00'),
(1, 14344, 'Ricoh', 'Aficio 1060', '2011-12-19 17:05:30'),
(1, 14345, 'Ricoh', 'Aficio 1075', '2011-12-19 17:05:30'),
(1, 14406, 'Minolta-qms', 'Pagepro 1200w', '0000-00-00 00:00:00'),
(1, 14454, 'Brother', 'Intellifax 4750e', '0000-00-00 00:00:00'),
(1, 14456, 'Brother', 'IntelliFAX 4100', '2011-12-19 17:05:30'),
(1, 14503, 'Xerox', 'Phaser 4400N', '2011-12-19 17:05:30'),
(1, 14504, 'Xerox', 'Phaser 4400DT', '2011-12-19 17:05:30'),
(1, 14603, 'Minolta', 'CF2002', '2011-12-19 17:05:30'),
(1, 14608, 'Minolta-QMS', 'magicolor 2300DL', '2011-12-19 17:05:30'),
(1, 14611, 'Hewlett-Packard', 'Color LaserJet 2500', '2011-12-19 17:05:30'),
(1, 14612, 'Hewlett-packard', 'Business Inkjet 3000', '0000-00-00 00:00:00'),
(1, 14613, 'Hewlett-Packard', 'Color LaserJet 5500', '2011-12-19 17:05:30'),
(1, 14621, 'Hewlett-Packard', 'Color Laserjet 5500n', '2011-12-19 17:05:30'),
(1, 14622, 'Hewlett-packard', 'Color Laserjet 5500dn', '0000-00-00 00:00:00'),
(1, 14623, 'Hewlett-packard', 'Color Laserjet 5500dtn', '0000-00-00 00:00:00'),
(1, 14641, 'Oki', 'C7300', '2011-12-19 17:05:30'),
(1, 14647, 'Oki', 'C9300', '2011-12-19 17:05:30'),
(1, 14659, 'Lexmark', 'X85', '2011-12-19 17:05:30'),
(1, 14680, 'Sharp', 'Ar-m208', '0000-00-00 00:00:00'),
(1, 14683, 'Hewlett-packard', 'Designjet 5500ps', '0000-00-00 00:00:00'),
(1, 14689, 'Hewlett-packard', 'Deskjet 6127', '0000-00-00 00:00:00'),
(1, 14690, 'Hewlett-packard', 'Deskjet 6122', '0000-00-00 00:00:00'),
(1, 14701, 'Canon', 'imageRUNNER C3200', '2011-12-19 17:05:30'),
(1, 14716, 'Oce Imagistics', 'im3510', '2011-12-19 17:05:30'),
(1, 14717, 'Imagistics', 'Im4510', '0000-00-00 00:00:00'),
(1, 14750, 'Lexmark', 'W812', '2011-12-19 17:05:30'),
(1, 14760, 'Xerox', 'Phaser 7300DN', '2011-12-19 17:05:30'),
(1, 14763, 'Hewlett-Packard', 'LaserJet 4200', '2011-12-19 17:05:30'),
(1, 14767, 'Hewlett-packard', 'Laserjet 4200n', '0000-00-00 00:00:00'),
(1, 14768, 'Hewlett-packard', 'Laserjet 4200tn', '0000-00-00 00:00:00'),
(1, 14771, 'Hewlett-packard', 'Laserjet 4200dtnsl', '0000-00-00 00:00:00'),
(1, 14774, 'Hewlett-packard', 'Laserjet 4300', '0000-00-00 00:00:00'),
(1, 14775, 'Hewlett-packard', 'Laserjet 4300n', '0000-00-00 00:00:00'),
(1, 14807, 'Ricoh', 'Aficio 1055', '2011-12-19 17:05:30'),
(1, 14820, 'Kyocera Mita', 'KM-4030', '2011-12-19 17:05:30'),
(1, 14879, 'Xerox', 'Phaser 5400', '2011-12-19 17:05:30'),
(1, 14939, 'Savin', '2560', '2011-12-19 17:05:30'),
(1, 14963, 'Brother', 'HL-5040', '2011-12-19 17:05:30'),
(1, 14964, 'Brother', 'HL-5050', '2011-12-19 17:05:30'),
(1, 14985, 'Konica', '7145', '2011-12-19 17:05:30'),
(1, 15063, 'Lexmark', 'T420d', '2011-12-19 17:05:30'),
(1, 15138, 'Ibm', 'Infoprint 1222d', '0000-00-00 00:00:00'),
(1, 15263, 'Datamax', 'A-6212', '0000-00-00 00:00:00'),
(1, 15327, 'Ricoh', 'Aficio CL3000', '2011-12-19 17:05:30'),
(1, 15344, 'Dell', 'P1500', '2011-12-19 17:05:30'),
(1, 15345, 'Dell', 'S2500', '2011-12-19 17:05:30'),
(1, 15358, 'Hewlett-Packard', 'LaserJet 1300', '2011-12-19 17:05:30'),
(1, 15359, 'Hewlett-Packard', 'LaserJet 1300n', '2011-12-19 17:05:30'),
(1, 15360, 'Hewlett-Packard', 'LaserJet 2300', '2011-12-19 17:05:30'),
(1, 15362, 'Hewlett-packard', 'Laserjet 2300n', '0000-00-00 00:00:00'),
(1, 15365, 'Hewlett-Packard', 'LaserJet 2300L', '2011-12-19 17:05:30'),
(1, 15433, 'Ricoh', 'Aficio 1045', '0000-00-00 00:00:00'),
(1, 15437, 'Lexmark', 'T632', '2011-12-19 17:05:30'),
(1, 15438, 'Lexmark', 'T634', '0000-00-00 00:00:00'),
(1, 15439, 'Lexmark', 'E321', '2011-12-19 17:05:30'),
(1, 15441, 'Lexmark', 'E323', '2011-12-19 17:05:30'),
(1, 15442, 'Lexmark', 'C912', '2011-12-19 17:05:30'),
(1, 15460, 'Lexmark', 'T630', '2011-12-19 17:05:30'),
(1, 15538, 'Ricoh', 'Aficio CL7000', '2011-12-19 17:05:30'),
(1, 15557, 'Oki', 'C9500dn', '2011-12-19 17:05:30'),
(1, 15563, 'Lexmark', 'X6150', '2011-12-19 17:05:30'),
(1, 15579, 'Xerox', 'WorkCentre M35', '2011-12-19 17:05:30'),
(1, 15582, 'Xerox', 'WorkCentre Pro 35', '2011-12-19 17:05:30'),
(1, 15587, 'Xerox', 'WorkCentre Pro 90', '2011-12-19 17:05:30'),
(1, 15592, 'Brother', 'MFC-8820D', '2011-12-19 17:05:30'),
(1, 15600, 'IBM', 'Infoprint 1332', '2011-12-19 17:05:30'),
(1, 15601, 'IBM', 'Infoprint 1352', '2011-12-19 17:05:30'),
(1, 15602, 'IBM', 'Infoprint 1372', '2011-12-19 17:05:30'),
(1, 15617, 'Xerox', 'WorkCentre Pro 75', '2011-12-19 17:05:30'),
(1, 15618, 'Xerox', 'WorkCentre Pro 65', '2011-12-19 17:05:30'),
(1, 15619, 'Xerox', 'WorkCentre Pro 45', '2011-12-19 17:05:30'),
(1, 15620, 'Xerox', 'WorkCentre Pro 55', '2011-12-19 17:05:30'),
(1, 15624, 'Xerox', 'WorkCentre M45', '2011-12-19 17:05:30'),
(1, 15625, 'Xerox', 'WorkCentre M55', '2011-12-19 17:05:30'),
(1, 15657, 'Lexmark', 'T634n', '0000-00-00 00:00:00'),
(1, 15659, 'Lexmark', 'T634dtn', '0000-00-00 00:00:00'),
(1, 15660, 'Canon', 'Imagerunner 5020', '0000-00-00 00:00:00'),
(1, 15661, 'Canon', 'Imagerunner 5020i', '0000-00-00 00:00:00'),
(1, 15662, 'Canon', 'Imagerunner 6020', '0000-00-00 00:00:00'),
(1, 15674, 'Hewlett-Packard', 'Color LaserJet 1500', '2011-12-19 17:05:30'),
(1, 15852, 'Sharp', 'AR-M160', '2011-12-19 17:05:30'),
(1, 15872, 'Panasonic', 'Workio DP-2310', '2011-12-19 17:05:30'),
(1, 15873, 'Panasonic', 'Workio DP-3010', '2011-12-19 17:05:30'),
(1, 15876, 'Dell', 'M5200N', '2011-12-19 17:05:30'),
(1, 15879, 'Ricoh', 'Aficio 2035', '2011-12-19 17:05:30'),
(1, 15880, 'Ricoh', 'Aficio 2045', '2011-12-19 17:05:30'),
(1, 15918, 'Kyocera Mita', 'Fs-c5016n', '0000-00-00 00:00:00'),
(1, 16000, 'Xerox', 'Phaser 3450D', '2011-12-19 17:05:30'),
(1, 16002, 'Xerox', 'Phaser 6250B', '2011-12-19 17:05:30'),
(1, 16003, 'Xerox', 'Phaser 6250N', '2011-12-19 17:05:30'),
(1, 16004, 'Xerox', 'Phaser 6250DP', '2011-12-19 17:05:30'),
(1, 16005, 'Xerox', 'Phaser 6250DT', '2011-12-19 17:05:30'),
(1, 16012, 'Sharp', 'Ar-m237', '0000-00-00 00:00:00'),
(1, 16013, 'Sharp', 'Ar-m277', '0000-00-00 00:00:00'),
(1, 16027, 'Hewlett-Packard', 'LaserJet 1010', '2011-12-19 17:05:30'),
(1, 16049, 'Hewlett-Packard', 'LaserJet 1015', '2011-12-19 17:05:30'),
(1, 16063, 'Hewlett-packard', 'Color Laserjet 9550n', '0000-00-00 00:00:00'),
(1, 16084, 'Epson', 'Fx-890', '0000-00-00 00:00:00'),
(1, 16098, 'Hewlett-packard', 'Business Inkjet 1100d', '0000-00-00 00:00:00'),
(1, 16153, 'Kyocera Mita', 'KM-3035', '2011-12-19 17:05:30'),
(1, 16155, 'Kyocera Mita', 'KM-4035', '2011-12-19 17:05:30'),
(1, 16156, 'Kyocera Mita', 'Km-5035', '0000-00-00 00:00:00'),
(1, 16164, 'Hewlett-Packard', 'LaserJet 1012', '2011-12-19 17:05:30'),
(1, 16165, 'Hewlett-Packard', 'Color Laserjet 9500N', '2011-12-19 17:05:30'),
(1, 16258, 'Ricoh', 'Aficio AP600N', '2011-12-19 17:05:30'),
(1, 16259, 'Konica Minolta', 'Bizhub Di3510', '0000-00-00 00:00:00'),
(1, 16260, 'Minolta', 'Di2510', '2011-12-19 17:05:30'),
(1, 16263, 'Minolta', 'Di2010', '2011-12-19 17:05:30'),
(1, 16264, 'Canon', 'Imagerunner 2220i', '0000-00-00 00:00:00'),
(1, 16265, 'Canon', 'Imagerunner 3320i', '0000-00-00 00:00:00'),
(1, 16272, 'Minolta', 'Di2010f', '2011-12-19 17:05:30'),
(1, 16273, 'Minolta', 'Di2510f', '2011-12-19 17:05:30'),
(1, 16274, 'Konica Minolta', 'Bizhub Di3510f', '0000-00-00 00:00:00'),
(1, 16278, 'Hewlett-Packard', 'LaserJet 1150', '2011-12-19 17:05:30'),
(1, 16280, 'Hewlett-packard', 'Digital Copier Printer 410', '0000-00-00 00:00:00'),
(1, 16297, 'Lexmark', 'C752', '2011-12-19 17:05:30'),
(1, 16304, 'Kyocera Mita', 'FS-1020D', '2011-12-19 17:05:30'),
(1, 16333, 'Ricoh', 'Aficio 2022', '2011-12-19 17:05:30'),
(1, 16334, 'Ricoh', 'Aficio 2027', '2011-12-19 17:05:30'),
(1, 16377, 'Hewlett-packard', 'Business Inkjet 2300', '0000-00-00 00:00:00'),
(1, 16387, 'Hewlett-Packard', 'LaserJet 9065mfp', '2011-12-19 17:05:30'),
(1, 16395, 'Lanier', 'LD122', '2011-12-19 17:05:30'),
(1, 16396, 'Lanier', 'LD127', '2011-12-19 17:05:30'),
(1, 16401, 'Panasonic', 'Workio DP-3520', '2011-12-19 17:05:30'),
(1, 16460, 'Brother', 'HL-6050D', '2011-12-19 17:05:30'),
(1, 16463, 'Dell', 'W5300n', '2011-12-19 17:05:30'),
(1, 16470, 'Brother', 'HL-2700CN', '2011-12-19 17:05:30'),
(1, 16471, 'Brother', 'HL-5140', '2011-12-19 17:05:30'),
(1, 16472, 'Brother', 'HL-5150D', '2011-12-19 17:05:30'),
(1, 16474, 'Brother', 'HL-5170DN', '2011-12-19 17:05:30'),
(1, 16476, 'Hewlett-Packard', 'Color LaserJet 3500', '2011-12-19 17:05:30'),
(1, 16478, 'Hewlett-Packard', 'Color LaserJet 3700', '2011-12-19 17:05:30'),
(1, 16528, 'Lexmark', 'X422 MFP', '2011-12-19 17:05:30'),
(1, 16542, 'Xerox', 'Phaser 4500N', '2011-12-19 17:05:30'),
(1, 16543, 'Xerox', 'Phaser 4500DT', '2011-12-19 17:05:30'),
(1, 16544, 'Xerox', 'Phaser 4500DX', '2011-12-19 17:05:30'),
(1, 16545, 'Xerox', 'Phaser 7750DN', '2011-12-19 17:05:30'),
(1, 16546, 'Xerox', 'Phaser 7750GX', '2011-12-19 17:05:30'),
(1, 16548, 'Xerox', 'Phaser 8400N', '2011-12-19 17:05:30'),
(1, 16549, 'Xerox', 'Phaser 8400DP', '2011-12-19 17:05:30'),
(1, 16550, 'Xerox', 'Phaser 8400DX', '2011-12-19 17:05:30'),
(1, 16551, 'Sharp', 'Ar-m550u', '0000-00-00 00:00:00'),
(1, 16552, 'Sharp', 'Ar-m550n', '0000-00-00 00:00:00'),
(1, 16555, 'Ricoh', 'Aficio 2232c', '0000-00-00 00:00:00'),
(1, 16561, 'Toshiba', 'Estudio 350', '0000-00-00 00:00:00'),
(1, 16577, 'Hewlett-packard', 'Designjet 130', '0000-00-00 00:00:00'),
(1, 16580, 'Sharp', 'Ar-c260p', '0000-00-00 00:00:00'),
(1, 16585, 'Epson', 'Stylus Photo R200', '2011-12-19 17:05:30'),
(1, 16676, 'Panasonic', 'UF-9000', '2011-12-19 17:05:30'),
(1, 16697, 'Ricoh', 'aficio 2015', '2011-12-19 17:05:30'),
(1, 16700, 'Ricoh', 'Aficio 2018D', '2011-12-19 17:05:30'),
(1, 16701, 'Ricoh', 'Aficio 2018', '2011-12-19 17:05:30'),
(1, 16725, 'Canon', 'Imagerunner C3100', '0000-00-00 00:00:00'),
(1, 16730, 'Kyocera', 'FS-9120DN', '2011-12-19 17:05:30'),
(1, 16731, 'Kyocera', 'FS-9520DN', '2011-12-19 17:05:30'),
(1, 16753, 'Ricoh', 'Aficio 2035e', '2011-12-19 17:05:30'),
(1, 16755, 'Ricoh', 'Aficio 2045e', '2011-12-19 17:05:30'),
(1, 16762, 'Hewlett-Packard', 'LaserJet 3020', '2011-12-19 17:05:30'),
(1, 16763, 'Hewlett-Packard', 'LaserJet 3030', '2011-12-19 17:05:30'),
(1, 16764, 'Hewlett-Packard', 'LaserJet 3015', '2011-12-19 17:05:30'),
(1, 16765, 'Hewlett-Packard', 'LaserJet 3380', '2011-12-19 17:05:30'),
(1, 16773, 'Sony', 'Lpr-5000', '0000-00-00 00:00:00'),
(1, 16779, 'Brother', 'MFC-8840D', '2011-12-19 17:05:30'),
(1, 16781, 'Brother', 'MFC-8220', '2011-12-19 17:05:30'),
(1, 16782, 'Brother', 'MFC-8440', '2011-12-19 17:05:30'),
(1, 16786, 'Xerox', 'Phaser 6100dn', '0000-00-00 00:00:00'),
(1, 16787, 'Kyocera', 'Fs-1920', '0000-00-00 00:00:00'),
(1, 16789, 'Kyocera Mita', 'Fs-3830n', '0000-00-00 00:00:00'),
(1, 16793, 'Lexmark', 'C510', '2011-12-19 17:05:30'),
(1, 16832, 'Konica Minolta', 'bizhub C350', '2011-12-19 17:05:30'),
(1, 16837, 'Konica Minolta', 'Di7210', '2011-12-19 17:05:30'),
(1, 16865, 'Oki', 'C5200N', '2011-12-19 17:05:30'),
(1, 16875, 'Oki', 'B4350', '2011-12-19 17:05:30'),
(1, 16878, 'Oki', 'B6200', '2011-12-19 17:05:30'),
(1, 16912, 'Xerox', 'WorkCentre M20i', '2011-12-19 17:05:30'),
(1, 16925, 'Ricoh', 'Aficio Cl2000', '0000-00-00 00:00:00'),
(1, 16947, 'Oki', 'B6300dn', '2011-12-19 17:05:30'),
(1, 16958, 'Xerox', 'Nuvera 120', '0000-00-00 00:00:00'),
(1, 17029, 'Konica Minolta', '7222', '2011-12-19 17:05:30'),
(1, 17056, 'Dell', '1600N', '2011-12-19 17:05:30'),
(1, 17073, 'Lexmark', 'E232', '2011-12-19 17:05:30'),
(1, 17075, 'Lexmark', 'E330', '2011-12-19 17:05:30'),
(1, 17076, 'Lexmark', 'E332n', '2011-12-19 17:05:30'),
(1, 17078, 'Oki', 'C5150n', '0000-00-00 00:00:00'),
(1, 17108, 'Hewlett-Packard', 'Color LaserJet 2550L', '2011-12-19 17:05:30'),
(1, 17109, 'Hewlett-packard', 'Color Laserjet 2550ln', '0000-00-00 00:00:00'),
(1, 17111, 'Hewlett-Packard', 'Color LaserJet 4650', '2011-12-19 17:05:30'),
(1, 17112, 'Hewlett-packard', 'Color Laserjet 4650n', '0000-00-00 00:00:00'),
(1, 17114, 'Hewlett-packard', 'Color Laserjet 4650dtn', '0000-00-00 00:00:00'),
(1, 17143, 'Toshiba', 'Estudio 1050', '0000-00-00 00:00:00'),
(1, 17144, 'Ricoh', 'Aficio 1515', '2011-12-19 17:05:30'),
(1, 17260, 'Sharp', 'FO-DC550', '2011-12-19 17:05:30'),
(1, 17282, 'Canon', 'Color imageRUNNER C3220 copier', '2011-12-19 17:05:30'),
(1, 17288, 'Kyocera Mita', 'KM-1815', '2011-12-19 17:05:30'),
(1, 17307, 'Epson', 'Fx-2190', '0000-00-00 00:00:00'),
(1, 17366, 'Brother', 'Mymio Dcp-110c', '0000-00-00 00:00:00'),
(1, 17376, 'Oce', 'Varioprint 2055', '0000-00-00 00:00:00'),
(1, 17392, 'Brother', 'Mfc-420cn', '0000-00-00 00:00:00'),
(1, 17397, 'Lanier', 'LD015', '2011-12-19 17:05:30'),
(1, 17439, 'Toshiba', 'Estudio 230', '0000-00-00 00:00:00'),
(1, 17440, 'Toshiba', 'Estudio 280', '0000-00-00 00:00:00'),
(1, 17454, 'Noritsu', 'Qss-31 Pro Turbo', '0000-00-00 00:00:00'),
(1, 17491, 'Dell', '5100CN', '2011-12-19 17:05:30'),
(1, 17497, 'Dell', '3000CN', '2011-12-19 17:05:30'),
(1, 17498, 'Dell', '3100CN', '2011-12-19 17:05:30'),
(1, 17594, 'Konica Minolta', 'magicolor 5430 DL', '2011-12-19 17:05:30'),
(1, 17601, 'Canon', 'PIXMA iP6000D', '2011-12-19 17:05:30'),
(1, 17630, 'Ricoh', 'Aficio 2228C', '2011-12-19 17:05:30'),
(1, 17632, 'Kyocera Mita', 'Km-2050', '0000-00-00 00:00:00'),
(1, 17634, 'Panasonic', 'UF-8000', '2011-12-19 17:05:30'),
(1, 17643, 'Lexmark', 'C762', '2011-12-19 17:05:30'),
(1, 17645, 'Oki', 'C7350n', '2011-12-19 17:05:30'),
(1, 17670, 'Hewlett-Packard', 'LaserJet 1320', '2011-12-19 17:05:30'),
(1, 17672, 'Hewlett-packard', 'Laserjet 1320tn', '0000-00-00 00:00:00'),
(1, 17674, 'Hewlett-Packard', 'LaserJet 1160', '2011-12-19 17:05:30'),
(1, 17676, 'Hewlett-Packard', 'Color LaserJet 5550', '2011-12-19 17:05:30'),
(1, 17677, 'Hewlett-Packard', 'Color LaserJet 5550n', '2011-12-19 17:05:30'),
(1, 17682, 'Hewlett-Packard', 'Color LaserJet 3550', '2011-12-19 17:05:30'),
(1, 17683, 'Hewlett-packard', 'Color Laserjet 3550n', '0000-00-00 00:00:00'),
(1, 17686, 'Hewlett-Packard', 'Laserjet 9050', '2011-12-19 17:05:30'),
(1, 17687, 'Hewlett-packard', 'Laserjet 9050n', '0000-00-00 00:00:00'),
(1, 17689, 'Hewlett-Packard', 'LaserJet 2420', '2011-12-19 17:05:30'),
(1, 17691, 'Hewlett-packard', 'Laserjet 2420dn', '0000-00-00 00:00:00'),
(1, 17692, 'Hewlett-Packard', 'LaserJet 2430dtn', '2011-12-19 17:05:30'),
(1, 17693, 'Hewlett-packard', 'Laserjet 4250', '0000-00-00 00:00:00'),
(1, 17695, 'Hewlett-packard', 'Laserjet 4250tn', '0000-00-00 00:00:00'),
(1, 17696, 'Hewlett-packard', 'Laserjet 4250dtn', '0000-00-00 00:00:00'),
(1, 17703, 'Hewlett-packard', 'Laserjet 4350dtn', '0000-00-00 00:00:00'),
(1, 17704, 'Hewlett-packard', 'Laserjet 4350dtnsl', '0000-00-00 00:00:00'),
(1, 17705, 'Xerox', 'Workcentre M123', '0000-00-00 00:00:00'),
(1, 17914, 'Sharp', 'Ar-bc320', '0000-00-00 00:00:00'),
(1, 17915, 'Sharp', 'Ar-bc260', '0000-00-00 00:00:00'),
(1, 17917, 'Sharp', 'AR-M355N', '2011-12-19 17:05:30'),
(1, 17918, 'Sharp', 'AR-M455N', '2011-12-19 17:05:30'),
(1, 17931, 'Kyocera Mita', 'Km-2550', '0000-00-00 00:00:00'),
(1, 17955, 'Lexmark', 'T430', '2011-12-19 17:05:30'),
(1, 17956, 'Lexmark', 'T430d', '0000-00-00 00:00:00'),
(1, 17957, 'Lexmark', 'T430dn', '0000-00-00 00:00:00'),
(1, 18016, 'Canon', 'Imagerunner C5800', '0000-00-00 00:00:00'),
(1, 18027, 'Canon', 'imageRUNNER 2270', '2011-12-19 17:05:30'),
(1, 18028, 'Canon', 'imageRUNNER 2870', '2011-12-19 17:05:30'),
(1, 18029, 'Canon', 'imageRUNNER 3570', '2011-12-19 17:05:30'),
(1, 18030, 'Canon', 'imageRUNNER 4570', '2011-12-19 17:05:30'),
(1, 18032, 'Canon', 'imageRUNNER 6570', '2011-12-19 17:05:30'),
(1, 18033, 'Canon', 'imageRUNNER 8070', '2011-12-19 17:05:30'),
(1, 18034, 'Canon', 'imageRUNNER 9070', '2011-12-19 17:05:30'),
(1, 18050, 'Xerox', 'Phaser 5500dn', '0000-00-00 00:00:00'),
(1, 18060, 'Ricoh', 'Aficio 2060', '2011-12-19 17:05:30'),
(1, 18062, 'Ricoh', 'Aficio 2075', '2011-12-19 17:05:30'),
(1, 18068, 'Hewlett-Packard', 'LaserJet 4345 MFP', '2011-12-19 17:05:30'),
(1, 18072, 'Hewlett-Packard', 'Laserjet 9040 MFP', '2011-12-19 17:05:30'),
(1, 18076, 'Hewlett-Packard', 'Color Laserjet 9500mfp', '2011-12-19 17:05:30'),
(1, 18077, 'Hewlett-Packard', 'Laserjet 9050 MFP', '2011-12-19 17:05:30'),
(1, 18114, 'Panasonic', 'Workio DP-190', '2011-12-19 17:05:30'),
(1, 18124, 'Samsung', 'Scx-6220', '0000-00-00 00:00:00'),
(1, 18125, 'Samsung', 'SCX-6320F', '2011-12-19 17:05:30'),
(1, 18131, 'Sharp', 'AR-M355U', '2011-12-19 17:05:30'),
(1, 18132, 'Sharp', 'AR-M455U', '2011-12-19 17:05:30'),
(1, 18146, 'Brother', 'HL-2040', '2011-12-19 17:05:30'),
(1, 18148, 'Brother', 'HL-2070N', '2011-12-19 17:05:30'),
(1, 18149, 'Panasonic', 'UF-7000', '2011-12-19 17:05:30'),
(1, 18153, 'Konica Minolta', 'magicolor 2430 DL', '2011-12-19 17:05:30'),
(1, 18164, 'Panasonic', 'Workio DP-2330', '2011-12-19 17:05:30'),
(1, 18165, 'Panasonic', 'Workio DP-3030', '2011-12-19 17:05:30'),
(1, 18168, 'Xerox', 'WorkCentre Pro 165', '2011-12-19 17:05:30'),
(1, 18178, 'Xerox', 'WorkCentre M165', '2011-12-19 17:05:30'),
(1, 18185, 'Kyocera Mita', 'Fs-820', '0000-00-00 00:00:00'),
(1, 18246, 'Hewlett-packard', 'Laserjet 2430t', '0000-00-00 00:00:00'),
(1, 18255, 'Hewlett-packard', 'Laserjet 4350', '0000-00-00 00:00:00'),
(1, 18305, 'Canon', 'Imageprograf W6400', '0000-00-00 00:00:00'),
(1, 18337, 'Canon', 'Satera Mf8170', '0000-00-00 00:00:00'),
(1, 18338, 'Xerox', '4110', '0000-00-00 00:00:00'),
(1, 18344, 'Canon', 'imageRUNNER 2830', '2011-12-19 17:05:30'),
(1, 18345, 'Canon', 'imageRUNNER 2230', '2011-12-19 17:05:30'),
(1, 18346, 'Canon', 'imageRUNNER 3530', '2011-12-19 17:05:30'),
(1, 18514, 'Brother', 'MFC-7420', '2011-12-19 17:05:30'),
(1, 18515, 'Brother', 'MFC-7820N', '2011-12-19 17:05:30'),
(1, 18542, 'Hewlett-packard', 'Designjet 90r', '0000-00-00 00:00:00'),
(1, 18549, 'Ricoh', 'Aficio CL4000DN', '2011-12-19 17:05:30'),
(1, 18554, 'Epson', 'Stylus Photo RX620', '2011-12-19 17:05:30'),
(1, 18619, 'Toshiba', 'Estudio 162d', '0000-00-00 00:00:00'),
(1, 18669, 'Ricoh', 'Aficio AP610N', '2011-12-19 17:05:30'),
(1, 18671, 'Ricoh', 'Aficio AP410N', '2011-12-19 17:05:30'),
(1, 18683, 'Panasonic', 'Workio DP-3530', '2011-12-19 17:05:30'),
(1, 18684, 'Panasonic', 'Workio Dp-4530', '0000-00-00 00:00:00'),
(1, 18686, 'Panasonic', 'Workio DP-6030', '2011-12-19 17:05:30'),
(1, 18700, 'Xerox', 'WorkCentre M118', '2011-12-19 17:05:30'),
(1, 18802, 'Kyocera Mita', 'Km-6030', '0000-00-00 00:00:00'),
(1, 18817, 'Toshiba', 'Estudio 520', '0000-00-00 00:00:00'),
(1, 18818, 'Toshiba', 'Estudio 600', '0000-00-00 00:00:00'),
(1, 18819, 'Toshiba', 'Estudio 720', '0000-00-00 00:00:00'),
(1, 18820, 'Toshiba', 'Estudio 850', '0000-00-00 00:00:00'),
(1, 18821, 'Canon', 'imageRUNNER 5570', '2011-12-19 17:05:30'),
(1, 18825, 'Konica Minolta', 'bizhub C450', '2011-12-19 17:05:30'),
(1, 18846, 'Oki', 'C5510n', '2011-12-19 17:05:30'),
(1, 18909, 'Imagistics', 'Im4511s', '0000-00-00 00:00:00'),
(1, 18919, 'Epson', 'Stylus Pro 4800', '0000-00-00 00:00:00'),
(1, 18923, 'Hewlett-packard', 'Business Inkjet 2800', '0000-00-00 00:00:00'),
(1, 18925, 'Hewlett-Packard', 'LaserJet 1020', '2011-12-19 17:05:30'),
(1, 18926, 'Hewlett-Packard', 'LaserJet 1022', '2011-12-19 17:05:30'),
(1, 18927, 'Hewlett-Packard', 'Color LaserJet 2820', '2011-12-19 17:05:30'),
(1, 18928, 'Hewlett-Packard', 'LaserJet 1022n', '2011-12-19 17:05:30'),
(1, 18929, 'Hewlett-Packard', 'LaserJet 1022nw', '2011-12-19 17:05:30'),
(1, 18930, 'Hewlett-Packard', 'Color LaserJet 2840', '2011-12-19 17:05:30'),
(1, 18932, 'Ricoh', 'Aficio CL7200', '2011-12-19 17:05:30'),
(1, 18933, 'Ricoh', 'Aficio CL7300D', '2011-12-19 17:05:30'),
(1, 18937, 'Hewlett-Packard', 'Color LaserJet 2600n', '2011-12-19 17:05:30'),
(1, 18939, 'Ricoh', 'Aficio 3235C', '2011-12-19 17:05:30'),
(1, 18940, 'Ricoh', 'Aficio 3245C', '2011-12-19 17:05:30'),
(1, 18957, 'Epson', 'Stylus Pro 7800 Pro Edition', '0000-00-00 00:00:00'),
(1, 18968, 'Konica Minolta', 'Bizhub Pro 920', '0000-00-00 00:00:00'),
(1, 18969, 'Xerox', 'Docucolor 7000 Digital Press', '0000-00-00 00:00:00'),
(1, 18973, 'Toshiba', 'Estudio 451c', '0000-00-00 00:00:00'),
(1, 18975, 'Toshiba', 'Estudio 351c', '0000-00-00 00:00:00'),
(1, 18984, 'Panasonic', 'Workio DP-C322', '2011-12-19 17:05:30'),
(1, 19027, 'Hewlett-packard', 'Designjet 4000', '0000-00-00 00:00:00'),
(1, 19028, 'Hewlett-packard', 'Designjet 4000ps', '0000-00-00 00:00:00'),
(1, 19069, 'Copystar', 'Cs-2050', '0000-00-00 00:00:00'),
(1, 19083, 'Sharp', 'AR-M207', '2011-12-19 17:05:30'),
(1, 19114, 'Xerox', 'Phaser 6300n', '0000-00-00 00:00:00'),
(1, 19115, 'Xerox', 'Phaser 6300dn', '0000-00-00 00:00:00'),
(1, 19120, 'Xerox', 'Docucolor 250', '0000-00-00 00:00:00'),
(1, 19125, 'Xerox', 'Workcentre Pro 265', '0000-00-00 00:00:00'),
(1, 19126, 'Xerox', 'Workcentre Pro 275', '0000-00-00 00:00:00'),
(1, 19127, 'Xerox', 'Phaser 8500N', '2011-12-19 17:05:30'),
(1, 19128, 'Xerox', 'Phaser 8500DN', '2011-12-19 17:05:30'),
(1, 19129, 'Xerox', 'Phaser 8550DP', '2011-12-19 17:05:30'),
(1, 19130, 'Xerox', 'Phaser 8550DT', '2011-12-19 17:05:30'),
(1, 19131, 'Xerox', 'Phaser 8550DX', '2011-12-19 17:05:30'),
(1, 19140, 'Xerox', 'Workcentre 255', '0000-00-00 00:00:00'),
(1, 19141, 'Xerox', 'WorkCentre Pro 232', '2011-12-19 17:05:30'),
(1, 19142, 'Xerox', 'WorkCentre Pro 238', '2011-12-19 17:05:30'),
(1, 19143, 'Xerox', 'WorkCentre Pro 245', '2011-12-19 17:05:30'),
(1, 19144, 'Xerox', 'WorkCentre Pro 255', '2011-12-19 17:05:30'),
(1, 19145, 'Lexmark', 'T640', '2011-12-19 17:05:30'),
(1, 19146, 'Lexmark', 'T642', '2011-12-19 17:05:30'),
(1, 19147, 'Lexmark', 'T644', '2011-12-19 17:05:30'),
(1, 19148, 'Lexmark', 'W840', '2011-12-19 17:05:30'),
(1, 19161, 'Lexmark', 'T644dtn', '0000-00-00 00:00:00'),
(1, 19201, 'Konica Minolta', 'bizhub C351', '2011-12-19 17:05:30'),
(1, 19215, 'Canon', 'imageRUNNER C3170i', '2011-12-19 17:05:30'),
(1, 19216, 'Canon', 'Imagerunner C2620', '0000-00-00 00:00:00'),
(1, 19248, 'Hewlett-packard', 'Officejet Pro K550', '0000-00-00 00:00:00'),
(1, 19300, 'Lanier', 'Ld160c', '0000-00-00 00:00:00'),
(1, 19322, 'IBM', 'InfoPrint 1532 Express', '2011-12-19 17:05:30'),
(1, 19323, 'IBM', 'Infoprint 1552', '2011-12-19 17:05:30'),
(1, 19368, 'Epson', 'Stylus C88', '2011-12-19 17:05:30'),
(1, 19385, 'Brother', 'Ql-650td', '0000-00-00 00:00:00'),
(1, 19412, 'Epson', 'Stylus Cx3800', '0000-00-00 00:00:00'),
(1, 19413, 'Olympus', 'P-11', '0000-00-00 00:00:00'),
(1, 19416, 'Konica Minolta', 'Bizhub C250', '0000-00-00 00:00:00'),
(1, 19417, 'Konica Minolta', 'bizhub C250P', '2011-12-19 17:05:30'),
(1, 19420, 'Konica Minolta', 'bizhub 161f', '2011-12-19 17:05:30'),
(1, 19429, 'Fargo', 'Dtc550 Card Printer/encoder', '0000-00-00 00:00:00'),
(1, 19440, 'Xerox', 'Nuvera 144', '0000-00-00 00:00:00'),
(1, 19442, 'Canon', 'imageRUNNER 2016', '2011-12-19 17:05:30'),
(1, 19443, 'Canon', 'imageRUNNER 2020', '2011-12-19 17:05:30'),
(1, 19499, 'Konica Minolta', 'Magicolor 5430 Dld', '0000-00-00 00:00:00'),
(1, 19523, 'Xerox', 'Phaser 3500N', '2011-12-19 17:05:30'),
(1, 19524, 'Xerox', 'Phaser 3500DN', '2011-12-19 17:05:30'),
(1, 19550, 'Brother', 'MFC-9420CN', '2011-12-19 17:05:30'),
(1, 19551, 'Brother', 'HL-5240', '2011-12-19 17:05:30'),
(1, 19552, 'Brother', 'HL-5250DN', '2011-12-19 17:05:30'),
(1, 19554, 'Brother', 'HL-5280DW', '2011-12-19 17:05:30'),
(1, 19573, 'Hewlett-Packard', 'Laserjet 9040DN MFP', '2011-12-19 17:05:30'),
(1, 19581, 'Dell', 'Laser Printer 1710', '2011-12-19 17:05:30'),
(1, 19582, 'Dell', 'Laser Printer 1710n', '2011-12-19 17:05:30'),
(1, 19584, 'Zebra', 'P120i', '0000-00-00 00:00:00'),
(1, 19587, 'Xerox', 'Phaser 7400N', '2011-12-19 17:05:30'),
(1, 19588, 'Xerox', 'Phaser 7400DN', '2011-12-19 17:05:30'),
(1, 19589, 'Xerox', 'Phaser 7400DT', '2011-12-19 17:05:30'),
(1, 19590, 'Xerox', 'Phaser 7400DX', '2011-12-19 17:05:30'),
(1, 19591, 'Xerox', 'Phaser 7400dxf', '0000-00-00 00:00:00'),
(1, 19593, 'Epson', 'Stylus Photo R220', '2011-12-19 17:05:30'),
(1, 19595, 'Xerox', 'Workcentre 133', '0000-00-00 00:00:00'),
(1, 19616, 'Ricoh', 'Aficio 3025', '2011-12-19 17:05:30'),
(1, 19627, 'Hewlett-Packard', 'Color LaserJet 3000', '2011-12-19 17:05:30'),
(1, 19631, 'Hewlett-Packard', 'Color LaserJet 3800', '2011-12-19 17:05:30'),
(1, 19635, 'Hewlett-Packard', 'Color LaserJet 4730mfp', '2011-12-19 17:05:30'),
(1, 19639, 'Hewlett-Packard', 'Color LaserJet 3600', '2011-12-19 17:05:30'),
(1, 19642, 'Hewlett-Packard', 'Color LaserJet 4700', '2011-12-19 17:05:30'),
(1, 19643, 'Hewlett-Packard', 'Color LaserJet 4700n', '2011-12-19 17:05:30'),
(1, 19645, 'Hewlett-Packard', 'Color LaserJet 4700dtn', '2011-12-19 17:05:30'),
(1, 19646, 'Hewlett-Packard', 'Color LaserJet 4700ph plus', '2011-12-19 17:05:30'),
(1, 19647, 'Ricoh', 'Aficio 3035', '2011-12-19 17:05:30'),
(1, 19657, 'Konica Minolta', 'Bizhub 200', '0000-00-00 00:00:00'),
(1, 19658, 'Konica Minolta', 'Bizhub 250', '0000-00-00 00:00:00'),
(1, 19659, 'Konica Minolta', 'Bizhub 350', '0000-00-00 00:00:00'),
(1, 19663, 'Ricoh', 'Aficio 3045', '2011-12-19 17:05:30'),
(1, 19701, 'Lexmark', 'C522n', '2011-12-19 17:05:30'),
(1, 19705, 'IBM', 'Infoprint 1572', '2011-12-19 17:05:30'),
(1, 19713, 'Lexmark', 'E340', '2011-12-19 17:05:30'),
(1, 19714, 'Lexmark', 'E342n', '2011-12-19 17:05:30'),
(1, 19720, 'Xerox', 'Phaser 6120N', '2011-12-19 17:05:30'),
(1, 19725, 'Lexmark', 'E240', '2011-12-19 17:05:30'),
(1, 19727, 'Lexmark', 'E240n', '2011-12-19 17:05:30'),
(1, 19734, 'Konica Minolta', 'bizhub 750', '2011-12-19 17:05:30'),
(1, 19735, 'Konica Minolta', 'bizhub 600', '2011-12-19 17:05:30'),
(1, 19747, 'Kyocera Mita', 'Fs-c5030n', '0000-00-00 00:00:00'),
(1, 19831, 'Zebra', 'S4m', '0000-00-00 00:00:00'),
(1, 19841, 'Ricoh', 'Aficio 2020d', '0000-00-00 00:00:00'),
(1, 19868, 'Canon', 'imageRUNNER 5070', '2011-12-19 17:05:30'),
(1, 19897, 'Canon', 'imageRunner 7105', '2011-12-19 17:05:30'),
(1, 19898, 'Canon', 'imageRunner 7095', '2011-12-19 17:05:30'),
(1, 19900, 'Canon', 'imageRunner 7086', '2011-12-19 17:05:30'),
(1, 19909, 'Kyocera Mita', 'Fs-c5020n', '0000-00-00 00:00:00'),
(1, 19925, 'Hewlett-packard', 'Deskjet 6980', '0000-00-00 00:00:00'),
(1, 19927, 'Hewlett-packard', 'Deskjet 6940', '0000-00-00 00:00:00'),
(1, 19928, 'Hewlett-packard', 'Deskjet 6940dt', '0000-00-00 00:00:00'),
(1, 19957, 'Toshiba', 'Estudio 352', '0000-00-00 00:00:00'),
(1, 19958, 'Toshiba', 'eSTUDIO 452', '2011-12-19 17:05:30'),
(1, 19959, 'Toshiba', 'Estudio 202l', '0000-00-00 00:00:00'),
(1, 19960, 'Toshiba', 'Estudio 232l', '0000-00-00 00:00:00'),
(1, 19961, 'Toshiba', 'Estudio 282l', '0000-00-00 00:00:00'),
(1, 19962, 'Sharp', 'MX-2300N', '2011-12-19 17:05:30'),
(1, 19963, 'Sharp', 'Mx-2700n', '0000-00-00 00:00:00'),
(1, 19964, 'Sharp', 'Mx-3501n', '0000-00-00 00:00:00'),
(1, 19965, 'Sharp', 'Mx-4501n', '0000-00-00 00:00:00'),
(1, 19981, 'Ricoh', 'Aficio Cl3500n', '0000-00-00 00:00:00'),
(1, 20007, 'Hewlett-Packard', 'LaserJet 3055', '2011-12-19 17:05:30'),
(1, 20047, 'Lexmark', 'E120n', '2011-12-19 17:05:30'),
(1, 20048, 'Lexmark', 'X644e MFP', '2011-12-19 17:05:30'),
(1, 20049, 'Lexmark', 'X646dte MFP', '2011-12-19 17:05:30'),
(1, 20052, 'Lexmark', 'X854e MFP', '2011-12-19 17:05:30'),
(1, 20054, 'Brother', 'MFC-8460N', '2011-12-19 17:05:30'),
(1, 20055, 'Brother', 'MFC-8860DN', '2011-12-19 17:05:30'),
(1, 20056, 'Brother', 'MFC-8870DW', '2011-12-19 17:05:30'),
(1, 20089, 'Konica Minolta', 'bizhub 500', '2011-12-19 17:05:30'),
(1, 20090, 'Konica Minolta', 'bizhub 420', '2011-12-19 17:05:30'),
(1, 20095, 'Konica Minolta', 'Bizhub C352', '0000-00-00 00:00:00'),
(1, 20119, 'Oce', 'Varioprint 2075', '0000-00-00 00:00:00'),
(1, 20125, 'Ricoh', 'Aficio SP C210SF', '2011-12-19 17:05:30'),
(1, 20232, 'Oki', 'C6100dn', '2011-12-19 17:05:30'),
(1, 20235, 'Oki', 'C5500n', '2011-12-19 17:05:30'),
(1, 20236, 'Sharp', 'FO-DC535', '2011-12-19 17:05:30'),
(1, 20237, 'Sharp', 'FO-DC635', '2011-12-19 17:05:30'),
(1, 20260, 'Kyocera Mita', 'Fs-2000d', '0000-00-00 00:00:00'),
(1, 20262, 'Kyocera Mita', 'Fs-3900dn', '0000-00-00 00:00:00'),
(1, 20263, 'Kyocera Mita', 'Fs-4000dn', '0000-00-00 00:00:00'),
(1, 20277, 'Hewlett-Packard', 'Laserjet 1018', '2011-12-19 17:05:30'),
(1, 20278, 'Hewlett-Packard', 'LaserJet 5200', '2011-12-19 17:05:30'),
(1, 20281, 'Hewlett-Packard', 'LaserJet 3050 AiO', '2011-12-19 17:05:30'),
(1, 20282, 'Hewlett-Packard', 'Color LaserJet 1600', '2011-12-19 17:05:30'),
(1, 20284, 'Hewlett-Packard', 'Color LaserJet 2605dn', '2011-12-19 17:05:30'),
(1, 20285, 'Hewlett-Packard', 'Color LaserJet 2605dtn', '2011-12-19 17:05:30'),
(1, 20286, 'Hewlett-Packard', 'LaserJet 3390', '2011-12-19 17:05:30'),
(1, 20324, 'Dell', 'Laser Printer 1110', '0000-00-00 00:00:00'),
(1, 20399, 'Ricoh', 'SP C410DN', '2011-12-19 17:05:30'),
(1, 20400, 'Ricoh', 'SP C411DN', '2011-12-19 17:05:30'),
(1, 20403, 'Xerox', 'WorkCentre 7655', '2011-12-19 17:05:30'),
(1, 20404, 'Xerox', 'WorkCentre 7665', '2011-12-19 17:05:30'),
(1, 20405, 'Xerox', 'Workcentre 7132', '0000-00-00 00:00:00'),
(1, 20427, 'Xerox', 'Phaser 7760DN', '2011-12-19 17:05:30'),
(1, 20428, 'Xerox', 'Phaser 7760GX', '2011-12-19 17:05:30'),
(1, 20429, 'Xerox', 'Phaser 7760DX', '2011-12-19 17:05:30'),
(1, 20435, 'Lexmark', 'C500n', '2011-12-19 17:05:30'),
(1, 20437, 'Lexmark', 'X342n', '2011-12-19 17:05:31'),
(1, 20438, 'Lexmark', 'X642e', '2011-12-19 17:05:31'),
(1, 20440, 'Toshiba', 'Estudio 165', '0000-00-00 00:00:00'),
(1, 20443, 'Toshiba', 'Estudio 2500c', '0000-00-00 00:00:00'),
(1, 20444, 'Toshiba', 'Estudio 3500c', '0000-00-00 00:00:00'),
(1, 20446, 'Dell', '5310n', '2011-12-19 17:05:31'),
(1, 20448, 'Dell', '5110cn', '2011-12-19 17:05:31'),
(1, 20449, 'Dell', '1815dn', '2011-12-19 17:05:31'),
(1, 20463, 'Hewlett-Packard', 'LaserJet 3052', '2011-12-19 17:05:31'),
(1, 20471, 'Toshiba', 'Estudio 3510c', '0000-00-00 00:00:00'),
(1, 20473, 'Toshiba', 'Estudio 4500c', '0000-00-00 00:00:00'),
(1, 20475, 'Toshiba', 'Estudio 901', '0000-00-00 00:00:00'),
(1, 20476, 'Toshiba', 'Estudio 1101', '0000-00-00 00:00:00'),
(1, 20532, 'Canon', 'Color imageRUNNER C5180', '2011-12-19 17:05:31'),
(1, 20537, 'Ricoh', 'Aficio MP C2500', '2011-12-19 17:05:31'),
(1, 20538, 'Ricoh', 'Aficio Mp C3000', '0000-00-00 00:00:00'),
(1, 20597, 'Gestetner', 'DSm730', '2011-12-19 17:05:31'),
(1, 20602, 'Gestetner', 'DSm735', '2011-12-19 17:05:31'),
(1, 20606, 'Gestetner', 'DSm745', '2011-12-19 17:05:31'),
(1, 20610, 'Lanier', 'LD225', '2011-12-19 17:05:31'),
(1, 20611, 'Savin', '8025', '2011-12-19 17:05:31'),
(1, 20615, 'Dell', '3110cn', '2011-12-19 17:05:31'),
(1, 20652, 'Oce Imagistics', 'Im5530', '0000-00-00 00:00:00'),
(1, 20691, 'Hewlett-packard', 'Business Inkjet 1200', '0000-00-00 00:00:00'),
(1, 20699, 'Samsung', 'ML-3050', '2011-12-19 17:05:31'),
(1, 20740, 'Lanier', 'LD230', '2011-12-19 17:05:31'),
(1, 20741, 'Savin', '8030', '2011-12-19 17:05:31'),
(1, 20748, 'Savin', '8035', '2011-12-19 17:05:31'),
(1, 20750, 'Savin', '8035sp', '0000-00-00 00:00:00'),
(1, 20754, 'Savin', '8045', '2011-12-19 17:05:31'),
(1, 20756, 'Savin', '8045sp', '0000-00-00 00:00:00'),
(1, 20760, 'Lanier', 'LD120d', '2011-12-19 17:05:31'),
(1, 20763, 'Savin', '8020d', '0000-00-00 00:00:00'),
(1, 20797, 'Lexmark', 'C770dn', '2011-12-19 17:05:31'),
(1, 20800, 'Lexmark', 'C772dn', '2011-12-19 17:05:31'),
(1, 20811, 'Gestetner', 'SP C210SF', '2011-12-19 17:05:31'),
(1, 20825, 'Savin', 'Sdc555', '0000-00-00 00:00:00'),
(1, 20868, 'Samsung', 'ML-2510', '2011-12-19 17:05:31'),
(1, 20869, 'Samsung', 'ML-2570', '2011-12-19 17:05:31'),
(1, 20881, 'Gestetner', 'dsm415', '2011-12-19 17:05:31'),
(1, 20882, 'Savin', '3515', '2011-12-19 17:05:31'),
(1, 20891, 'Lanier', 'LD118', '2011-12-19 17:05:31'),
(1, 20901, 'Ricoh', 'Aficio 120', '0000-00-00 00:00:00'),
(1, 20934, 'Gestetner', 'DSm651', '2011-12-19 17:05:31'),
(1, 20935, 'Lanier', 'LD151', '2011-12-19 17:05:31'),
(1, 20936, 'Savin', '4051', '2011-12-19 17:05:31'),
(1, 20940, 'Gestetner', 'DSm660', '2011-12-19 17:05:31'),
(1, 20941, 'Lanier', 'LD160', '2011-12-19 17:05:31'),
(1, 20942, 'Savin', '4060', '2011-12-19 17:05:31'),
(1, 20946, 'Gestetner', 'DSm675', '2011-12-19 17:05:31'),
(1, 20947, 'Lanier', 'LD175', '2011-12-19 17:05:31'),
(1, 20948, 'Savin', '4075', '2011-12-19 17:05:31'),
(1, 21030, 'Dell', 'Laser Printer 5210n', '2011-12-19 17:05:31'),
(1, 21061, 'Canon', 'Color imageRUNNER C4080', '2011-12-19 17:05:31'),
(1, 21063, 'Canon', 'Color imageRUNNER C3380', '2011-12-19 17:05:31'),
(1, 21066, 'Canon', 'Color imageRUNNER C2880', '2011-12-19 17:05:31'),
(1, 21076, 'Dell', 'Color Laser Printer 3010cn', '0000-00-00 00:00:00'),
(1, 21123, 'Brother', 'Mfc-5460cn', '0000-00-00 00:00:00'),
(1, 21146, 'Ricoh', 'Aficio SP 9100DN', '2011-12-19 17:05:31'),
(1, 21188, 'Hewlett-packard', 'Designjet Z2100', '0000-00-00 00:00:00'),
(1, 21193, 'Ricoh', 'Aficio MP C3500', '2011-12-19 17:05:31'),
(1, 21195, 'Savin', 'MLP145', '2011-12-19 17:05:31'),
(1, 21196, 'Ricoh', 'Aficio MP C4500', '2011-12-19 17:05:31'),
(1, 21201, 'Hewlett-Packard', 'LaserJet M5035 MFP', '2011-12-19 17:05:31'),
(1, 21204, 'Hewlett-packard', 'Laserjet M5025 Mfp', '0000-00-00 00:00:00');
INSERT INTO `pgen_rms_devices` (`rmsProviderId`, `rmsModelId`, `manufacturer`, `modelName`, `dateCreated`) VALUES
(1, 21205, 'Hewlett-packard', 'Laserjet M4345 Mfp', '0000-00-00 00:00:00'),
(1, 21209, 'Hewlett-Packard', 'LaserJet M3035 MFP', '2011-12-19 17:05:31'),
(1, 21211, 'Hewlett-Packard', 'LaserJet M3027 MFP', '2011-12-19 17:05:31'),
(1, 21215, 'Hewlett-Packard', 'LaserJet P3005', '2011-12-19 17:05:31'),
(1, 21216, 'Hewlett-packard', 'Laserjet P3005d', '0000-00-00 00:00:00'),
(1, 21217, 'Hewlett-packard', 'Laserjet P3005n', '0000-00-00 00:00:00'),
(1, 21218, 'Hewlett-packard', 'Laserjet P3005dn', '0000-00-00 00:00:00'),
(1, 21221, 'Hewlett-Packard', 'Color LaserJet CP4005dn', '2011-12-19 17:05:31'),
(1, 21237, 'Xerox', 'Docutech 180', '0000-00-00 00:00:00'),
(1, 21254, 'Canon', 'imagePRESS C1', '2011-12-19 17:05:31'),
(1, 21267, 'Hewlett-Packard', 'Color LaserJet CM1017', '2011-12-19 17:05:31'),
(1, 21285, 'Hewlett-Packard', 'Color LaserJet 2700', '2011-12-19 17:05:31'),
(1, 21289, 'Hewlett-packard', 'Laserjet P2015n', '0000-00-00 00:00:00'),
(1, 21293, 'Kyocera Mita', 'Km-5050', '0000-00-00 00:00:00'),
(1, 21294, 'Kyocera Mita', 'Km-3050', '0000-00-00 00:00:00'),
(1, 21295, 'Kyocera Mita', 'Km-4050', '0000-00-00 00:00:00'),
(1, 21315, 'Lexmark', 'C532dn', '2011-12-19 17:05:31'),
(1, 21317, 'Lexmark', 'C534dn', '2011-12-19 17:05:31'),
(1, 21320, 'Lexmark', 'E250dn', '2011-12-19 17:05:31'),
(1, 21321, 'Lexmark', 'E350d', '2011-12-19 17:05:31'),
(1, 21322, 'Lexmark', 'E352dn', '2011-12-19 17:05:31'),
(1, 21323, 'Lexmark', 'E450dn', '2011-12-19 17:05:31'),
(1, 21342, 'IBM', 'Infoprint 1612 Express', '2011-12-19 17:05:31'),
(1, 21344, 'IBM', 'Infoprint 1622 Express', '2011-12-19 17:05:31'),
(1, 21393, 'Ricoh', 'Aficio MP 2510', '2011-12-19 17:05:31'),
(1, 21401, 'Ricoh', 'Aficio Mp 3010', '0000-00-00 00:00:00'),
(1, 21450, 'Brother', 'Mfc-7225n', '0000-00-00 00:00:00'),
(1, 21452, 'Dell', 'Multifunction Color Laser 3115cn', '0000-00-00 00:00:00'),
(1, 21456, 'Canon', 'imageRUNNER 1023', '2011-12-19 17:05:31'),
(1, 21465, 'Sharp', 'MX-5500N', '2011-12-19 17:05:31'),
(1, 21466, 'Sharp', 'MX-6200N', '2011-12-19 17:05:31'),
(1, 21467, 'Sharp', 'MX-7000N', '2011-12-19 17:05:31'),
(1, 21473, 'Oki', 'B6500', '2011-12-19 17:05:31'),
(1, 21508, 'Kyocera Mita', 'Fs-c5015n', '0000-00-00 00:00:00'),
(1, 21509, 'Kyocera Mita', 'Fs-c5025n', '0000-00-00 00:00:00'),
(1, 21527, 'Konica Minolta', 'Bizhub C252', '0000-00-00 00:00:00'),
(1, 21560, 'Kyocera Mita', 'FS-9130DN', '2011-12-19 17:05:31'),
(1, 21561, 'Kyocera Mita', 'FS-9530DN', '2011-12-19 17:05:31'),
(1, 21563, 'Hewlett-Packard', 'LaserJet P2015', '2011-12-19 17:05:31'),
(1, 21570, 'Ricoh', 'Aficio Sp C811dn', '0000-00-00 00:00:00'),
(1, 21584, 'Ricoh', 'Aficio Mp 3500', '0000-00-00 00:00:00'),
(1, 21589, 'Ricoh', 'Aficio Mp 4500', '0000-00-00 00:00:00'),
(1, 21619, 'Lanier', 'LP440c', '2011-12-19 17:05:31'),
(1, 21622, 'Ricoh', 'Aficio MP 161', '2011-12-19 17:05:31'),
(1, 21628, 'Canon', 'Color imageRUNNER LBP5960', '2011-12-19 17:05:31'),
(1, 21631, 'Canon', 'imageRUNNER 3045', '2011-12-19 17:05:31'),
(1, 21632, 'Canon', 'imageRUNNER 3035', '2011-12-19 17:05:31'),
(1, 21633, 'Canon', 'Imagerunner 3030', '0000-00-00 00:00:00'),
(1, 21634, 'Canon', 'imageRUNNER 3025', '2011-12-19 17:05:31'),
(1, 21637, 'Canon', 'Color imageRUNNER LBP5360', '2011-12-19 17:05:31'),
(1, 21673, 'Ricoh', 'Aficio SP C811DN-T1', '2011-12-19 17:05:31'),
(1, 21713, 'Sharp', 'Mx-m950', '0000-00-00 00:00:00'),
(1, 21737, 'Xerox', 'Phaser 8560N', '2011-12-19 17:05:31'),
(1, 21738, 'Xerox', 'Phaser 8560DN', '2011-12-19 17:05:31'),
(1, 21739, 'Xerox', 'Phaser 8560DT', '2011-12-19 17:05:31'),
(1, 21745, 'Xerox', 'Phaser 6360N', '2011-12-19 17:05:31'),
(1, 21746, 'Xerox', 'Phaser 6360DN', '2011-12-19 17:05:31'),
(1, 21747, 'Xerox', 'Phaser 6360DT', '2011-12-19 17:05:31'),
(1, 21749, 'Xerox', 'Phaser 6180N', '2011-12-19 17:05:31'),
(1, 21750, 'Xerox', 'Phaser 6180DN', '2011-12-19 17:05:31'),
(1, 21754, 'Canon', 'Imageclass Mf4690', '0000-00-00 00:00:00'),
(1, 21853, 'Oki', 'C6000dn', '2011-12-19 17:05:31'),
(1, 21856, 'Xerox', 'FaxCentre 2218', '2011-12-19 17:05:31'),
(1, 21857, 'Canon', 'imageRUNNER 5075', '2011-12-19 17:05:31'),
(1, 21858, 'Canon', 'imageRUNNER 5065', '2011-12-19 17:05:31'),
(1, 21859, 'Canon', 'imageRUNNER 5055', '2011-12-19 17:05:31'),
(1, 21876, 'Ricoh', 'Aficio Mp 2000', '0000-00-00 00:00:00'),
(1, 21882, 'Savin', '9021d', '2011-12-19 17:05:31'),
(1, 21928, 'Panasonic', 'Workio Dp-c264', '0000-00-00 00:00:00'),
(1, 21941, 'Brother', 'HL-4040CN', '2011-12-19 17:05:31'),
(1, 21942, 'Brother', 'HL-4070CDW', '2011-12-19 17:05:31'),
(1, 21948, 'Konica Minolta', 'bizhub C550', '2011-12-19 17:05:31'),
(1, 21999, 'Xerox', 'Phaser 4510N', '2011-12-19 17:05:31'),
(1, 22000, 'Xerox', 'Phaser 4510DT', '2011-12-19 17:05:31'),
(1, 22041, 'Hewlett-packard', 'Cm8060 Color Mfp', '0000-00-00 00:00:00'),
(1, 22042, 'Hewlett-packard', 'Cm8050 Color Mfp', '0000-00-00 00:00:00'),
(1, 22043, 'Hewlett-Packard', 'Color LaserJet CM4730 mfp', '2011-12-19 17:05:31'),
(1, 22064, 'Xerox', 'WorkCentre 7328', '2011-12-19 17:05:31'),
(1, 22065, 'Xerox', 'WorkCentre 7335', '2011-12-19 17:05:31'),
(1, 22066, 'Xerox', 'WorkCentre 7345', '2011-12-19 17:05:31'),
(1, 22068, 'Xerox', 'DocuColor 242', '2011-12-19 17:05:31'),
(1, 22069, 'Xerox', 'DocuColor 252', '2011-12-19 17:05:31'),
(1, 22070, 'Xerox', 'DocuColor 260', '2011-12-19 17:05:31'),
(1, 22073, 'Xerox', '4595 Copier/printer', '0000-00-00 00:00:00'),
(1, 22079, 'Oce', 'Variostream 9240', '0000-00-00 00:00:00'),
(1, 22088, 'Oce', 'Cm4010', '0000-00-00 00:00:00'),
(1, 22092, 'Lexmark', 'X945e', '2011-12-19 17:05:31'),
(1, 22094, 'Lexmark', 'C780dn', '2011-12-19 17:05:31'),
(1, 22097, 'Lexmark', 'C782dn', '2011-12-19 17:05:31'),
(1, 22099, 'Lexmark', 'C935dn', '2011-12-19 17:05:31'),
(1, 22143, 'Oki', 'C8800dn', '0000-00-00 00:00:00'),
(1, 22160, 'Toshiba', 'Estudio 167', '0000-00-00 00:00:00'),
(1, 22180, 'Hewlett-Packard', 'Color LaserJet CP3505', '2011-12-19 17:05:31'),
(1, 22221, 'Fuji Xerox', 'WorkCentre 4150', '2011-12-19 17:05:31'),
(1, 22243, 'Brother', 'MFC-9440CN', '2011-12-19 17:05:31'),
(1, 22244, 'Brother', 'MFC-9840CDW', '2011-12-19 17:05:31'),
(1, 22248, 'Canon', 'Color imageRUNNER C5185', '2011-12-19 17:05:31'),
(1, 22260, 'Sharp', 'AR-M257', '2011-12-19 17:05:31'),
(1, 22261, 'Sharp', 'Ar-m317', '0000-00-00 00:00:00'),
(1, 22262, 'Sharp', 'MX-M350N', '2011-12-19 17:05:31'),
(1, 22264, 'Sharp', 'Mx-m450n', '0000-00-00 00:00:00'),
(1, 22267, 'Xerox', 'Phaser 3200MFP/B', '2011-12-19 17:05:31'),
(1, 22279, 'Xerox', 'Phaser 8560', '0000-00-00 00:00:00'),
(1, 22296, 'Konica Minolta', 'Bizhub C451', '0000-00-00 00:00:00'),
(1, 22301, 'Dell', '1320c', '2011-12-19 17:05:31'),
(1, 22334, 'Hewlett-Packard', 'LaserJet P2014', '2011-12-19 17:05:31'),
(1, 22344, 'InfoPrint', '4247-L03', '2011-12-19 17:05:31'),
(1, 22345, 'Xerox', 'WorkCentre 7675', '2011-12-19 17:05:31'),
(1, 22351, 'Kyocera Mita', 'Km-c3232e', '0000-00-00 00:00:00'),
(1, 22386, 'Xerox', 'WorkCentre 5632', '2011-12-19 17:05:31'),
(1, 22387, 'Xerox', 'WorkCentre 5638', '2011-12-19 17:05:31'),
(1, 22388, 'Xerox', 'WorkCentre 5645', '2011-12-19 17:05:31'),
(1, 22389, 'Xerox', 'WorkCentre 5655', '2011-12-19 17:05:31'),
(1, 22394, 'Xerox', 'WorkCentre 5665 Copier', '2011-12-19 17:05:31'),
(1, 22395, 'Xerox', 'WorkCentre 5675 Copier', '2011-12-19 17:05:31'),
(1, 22397, 'Xerox', 'WorkCentre 5687 Copier', '2011-12-19 17:05:31'),
(1, 22423, 'Ricoh', 'Mp W2400', '0000-00-00 00:00:00'),
(1, 22424, 'Ricoh', 'Mp W3600', '0000-00-00 00:00:00'),
(1, 22427, 'Epson', 'Stylus Pro 4880', '0000-00-00 00:00:00'),
(1, 22430, 'Sharp', 'Mx-6201n', '0000-00-00 00:00:00'),
(1, 22466, 'Muratec', 'Mfx-2050', '0000-00-00 00:00:00'),
(1, 22555, 'Hewlett-Packard', 'LaserJet P1005', '2011-12-19 17:05:31'),
(1, 22556, 'Hewlett-Packard', 'LaserJet P1006', '2011-12-19 17:05:31'),
(1, 22557, 'Hewlett-Packard', 'LaserJet P1505', '2011-12-19 17:05:31'),
(1, 22558, 'Hewlett-Packard', 'LaserJet M2727 MFP', '2011-12-19 17:05:31'),
(1, 22565, 'Hewlett-packard', 'Officejet Pro K8600', '0000-00-00 00:00:00'),
(1, 22585, 'Konica Minolta', 'Bizhub C30p', '0000-00-00 00:00:00'),
(1, 22600, 'Xerox', '4112 Copier/printer', '0000-00-00 00:00:00'),
(1, 22601, 'Xerox', '4127 Copier/printer', '0000-00-00 00:00:00'),
(1, 22620, 'Epson', 'Stylus Pro 9880', '0000-00-00 00:00:00'),
(1, 22622, 'Canon', 'Imageprograf Ipf710', '0000-00-00 00:00:00'),
(1, 22667, 'Ricoh', 'Aficio Mp 2500', '0000-00-00 00:00:00'),
(1, 22671, 'Xerox', 'Phaser 8860', '2011-12-19 17:05:31'),
(1, 22678, 'Xerox', 'Workcentre 7232', '0000-00-00 00:00:00'),
(1, 22695, 'Hewlett-Packard', 'LaserJet P1505n', '2011-12-19 17:05:31'),
(1, 22696, 'Canon', 'imageRUNNER 2030i', '2011-12-19 17:05:31'),
(1, 22697, 'Canon', 'imageRUNNER 2025i', '2011-12-19 17:05:31'),
(1, 22698, 'Canon', 'imageRUNNER 2022', '2011-12-19 17:05:31'),
(1, 22700, 'Canon', 'imageRUNNER 2018', '2011-12-19 17:05:31'),
(1, 22715, 'Savin', '7025spf', '0000-00-00 00:00:00'),
(1, 22719, 'Brother', 'Mfc-465cn', '0000-00-00 00:00:00'),
(1, 22726, 'Konica Minolta', 'Bizhub C353', '0000-00-00 00:00:00'),
(1, 22727, 'Konica Minolta', 'bizhub C253', '2011-12-19 17:05:31'),
(1, 22728, 'Konica Minolta', 'bizhub C203', '2011-12-19 17:05:31'),
(1, 22772, 'Savin', '7025', '0000-00-00 00:00:00'),
(1, 22786, 'Kyocera Mita', 'Km-3060', '0000-00-00 00:00:00'),
(1, 22787, 'Kyocera Mita', 'Km-2560', '0000-00-00 00:00:00'),
(1, 22798, 'Oce', 'Variostream 9530', '0000-00-00 00:00:00'),
(1, 22804, 'Xerox', 'Phaser 6130N', '2011-12-19 17:05:31'),
(1, 22808, 'Canon', 'imageRUNNER 5050', '2011-12-19 17:05:31'),
(1, 22810, 'Canon', 'Imagerunner C5058', '0000-00-00 00:00:00'),
(1, 22826, 'Samsung', 'ML-2850D', '2011-12-19 17:05:31'),
(1, 22841, 'Dell', 'Laser Printer 1720dn', '2011-12-19 17:05:31'),
(1, 22842, 'Ricoh', 'Aficio Mp 1600', '0000-00-00 00:00:00'),
(1, 22847, 'Sharp', 'MX-M550N', '2011-12-19 17:05:31'),
(1, 22848, 'Sharp', 'MX-M550U', '2011-12-19 17:05:31'),
(1, 22849, 'Sharp', 'Mx-m620n', '0000-00-00 00:00:00'),
(1, 22851, 'Sharp', 'Mx-m700n', '0000-00-00 00:00:00'),
(1, 22862, 'Brother', 'DCP-9045CDN', '2011-12-19 17:05:31'),
(1, 22867, 'Konica Minolta', 'Magicolor 8650dn', '0000-00-00 00:00:00'),
(1, 22868, 'Konica Minolta', 'Magicolor 4650dn', '0000-00-00 00:00:00'),
(1, 22931, 'Brother', 'HL-2140', '2011-12-19 17:05:31'),
(1, 22932, 'Brother', 'HL-2170W', '2011-12-19 17:05:31'),
(1, 22974, 'Ricoh', 'Aficio Sp C220n', '0000-00-00 00:00:00'),
(1, 22976, 'Ricoh', 'Aficio Sp C222dn', '0000-00-00 00:00:00'),
(1, 22979, 'Ricoh', 'Aficio Sp C222sf', '0000-00-00 00:00:00'),
(1, 22980, 'Ricoh', 'Aficio Sp C220s', '0000-00-00 00:00:00'),
(1, 22987, 'Lexmark', 'X560n', '2011-12-19 17:05:31'),
(1, 22999, 'Toshiba', 'Estudio 353', '0000-00-00 00:00:00'),
(1, 23000, 'Toshiba', 'Estudio 453', '0000-00-00 00:00:00'),
(1, 23001, 'Toshiba', 'Estudio 203l', '0000-00-00 00:00:00'),
(1, 23002, 'Toshiba', 'Estudio 233', '0000-00-00 00:00:00'),
(1, 23005, 'Toshiba', 'Estudio 283', '0000-00-00 00:00:00'),
(1, 23021, 'Toshiba', 'Estudio 523', '0000-00-00 00:00:00'),
(1, 23047, 'Ricoh', 'Aficio Mp C6000', '0000-00-00 00:00:00'),
(1, 23048, 'Ricoh', 'Aficio Mp C7500', '0000-00-00 00:00:00'),
(1, 23059, 'Ricoh', 'Aficio MP 4000SP', '2011-12-19 17:05:31'),
(1, 23060, 'Ricoh', 'Aficio Mp 4000b', '0000-00-00 00:00:00'),
(1, 23121, 'Canon', 'Color imageRUNNER C2550', '2011-12-19 17:05:31'),
(1, 23134, 'Samsung', 'Multipress CLX-8380ND', '2011-12-19 17:05:31'),
(1, 23156, 'Canon', 'Imagepress C6000', '0000-00-00 00:00:00'),
(1, 23161, 'Brother', 'MFC-7440N', '2011-12-19 17:05:31'),
(1, 23162, 'Brother', 'MFC-7840W', '2011-12-19 17:05:31'),
(1, 23167, 'Hewlett-Packard', 'Color LaserJet CP1518ni', '2011-12-19 17:05:31'),
(1, 23170, 'Hewlett-packard', 'Color Laserjet Cp1215', '0000-00-00 00:00:00'),
(1, 23176, 'Hewlett-Packard', 'LaserJet M1319f MFP', '2011-12-19 17:05:31'),
(1, 23177, 'Hewlett-Packard', 'LaserJet M1522n MFP', '2011-12-19 17:05:31'),
(1, 23178, 'Hewlett-Packard', 'LaserJet M1522nf MFP', '2011-12-19 17:05:31'),
(1, 23179, 'Kyocera Mita', 'Fs-1300d', '0000-00-00 00:00:00'),
(1, 23181, 'Ricoh', 'Pro C900s', '0000-00-00 00:00:00'),
(1, 23192, 'Ricoh', 'Aficio Mp 2550b', '0000-00-00 00:00:00'),
(1, 23193, 'Ricoh', 'Aficio MP 2550SP', '2011-12-19 17:05:31'),
(1, 23195, 'Ricoh', 'Aficio MP 3350B', '2011-12-19 17:05:31'),
(1, 23196, 'Ricoh', 'Aficio MP 3350SP', '2011-12-19 17:05:31'),
(1, 23219, 'Epson', 'Stylus Pro Gs6000', '0000-00-00 00:00:00'),
(1, 23239, 'Oki', 'B6250dn', '2011-12-19 17:05:31'),
(1, 23249, 'Canon', 'Color imageRUNNER C3480', '2011-12-19 17:05:31'),
(1, 23251, 'Canon', 'Color imageRUNNER C3080', '2011-12-19 17:05:31'),
(1, 23255, 'Hewlett-Packard', 'LaserJet M1522 MFP', '2011-12-19 17:05:31'),
(1, 23257, 'Hewlett-Packard', 'Color LaserJet CM6040 MFP', '2011-12-19 17:05:31'),
(1, 23263, 'Hewlett-packard', 'Laserjet P4015tn', '0000-00-00 00:00:00'),
(1, 23265, 'Hewlett-Packard', 'LaserJet M9040 MFP', '2011-12-19 17:05:31'),
(1, 23266, 'Hewlett-Packard', 'LaserJet M9050 MFP', '2011-12-19 17:05:31'),
(1, 23267, 'Hewlett-packard', 'Color Laserjet Cm1312nfi', '0000-00-00 00:00:00'),
(1, 23269, 'Hewlett-Packard', 'LaserJet P4515n', '2011-12-19 17:05:31'),
(1, 23276, 'Hewlett-Packard', 'Color LaserJet CM6030', '2011-12-19 17:05:31'),
(1, 23278, 'Ricoh', 'Aficio Mp 6000', '0000-00-00 00:00:00'),
(1, 23280, 'Ricoh', 'Aficio Mp 7000', '0000-00-00 00:00:00'),
(1, 23286, 'Toshiba', 'Estudio 3530c', '0000-00-00 00:00:00'),
(1, 23287, 'Toshiba', 'Estudio 4520c', '0000-00-00 00:00:00'),
(1, 23288, 'Toshiba', 'Estudio 5520c', '0000-00-00 00:00:00'),
(1, 23292, 'Toshiba', 'Estudio 6530c', '0000-00-00 00:00:00'),
(1, 23294, 'Hewlett-Packard', 'LaserJet P4014', '2011-12-19 17:05:31'),
(1, 23295, 'Hewlett-packard', 'Laserjet P4014n', '0000-00-00 00:00:00'),
(1, 23394, 'Panasonic', 'Workio DP-8060', '2011-12-19 17:05:31'),
(1, 23417, 'Brother', 'Dcp-8065dn', '0000-00-00 00:00:00'),
(1, 23421, 'Hewlett-Packard', 'LaserJet M2727NF', '2011-12-19 17:05:31'),
(1, 23432, 'Hewlett-Packard', 'LaserJet 4240n', '2011-12-19 17:05:31'),
(1, 23455, 'Sharp', 'MX-2600N', '2011-12-19 17:05:31'),
(1, 23456, 'Sharp', 'MX-3100N', '2011-12-19 17:05:31'),
(1, 23501, 'Oki', 'C6050dn', '2011-12-19 17:05:31'),
(1, 23503, 'Oki', 'C6150dn', '0000-00-00 00:00:00'),
(1, 23515, 'Xerox', 'Phaser 5550N', '2011-12-19 17:05:31'),
(1, 23516, 'Xerox', 'Phaser 5550DN', '2011-12-19 17:05:31'),
(1, 23517, 'Xerox', 'Phaser 5550DT', '2011-12-19 17:05:31'),
(1, 23520, 'Xerox', 'Phaser 3600DN', '2011-12-19 17:05:31'),
(1, 23521, 'Xerox', 'Phaser 3250D', '2011-12-19 17:05:31'),
(1, 23522, 'Xerox', 'Phaser 3250dn', '0000-00-00 00:00:00'),
(1, 23525, 'Xerox', 'Phaser 3635MFP/S', '2011-12-19 17:05:31'),
(1, 23526, 'Xerox', 'Phaser 3635mfp/x', '0000-00-00 00:00:00'),
(1, 23545, 'Xerox', 'WorkCentre 5225', '2011-12-19 17:05:31'),
(1, 23558, 'Xerox', 'WorkCentre 7346', '2011-12-19 17:05:31'),
(1, 23562, 'Xerox', '700 Digital Press', '0000-00-00 00:00:00'),
(1, 23589, 'Konica Minolta', 'bizhub 501', '2011-12-19 17:05:31'),
(1, 23590, 'Konica Minolta', 'bizhub 421', '2011-12-19 17:05:31'),
(1, 23598, 'Ricoh', 'Aficio Sp C420dn', '0000-00-00 00:00:00'),
(1, 23655, 'Brother', 'MFC-6490CW', '2011-12-19 17:05:31'),
(1, 23659, 'Canon', 'imageRUNNER 3245', '2011-12-19 17:05:31'),
(1, 23661, 'Canon', 'imageRUNNER 3235', '2011-12-19 17:05:31'),
(1, 23663, 'Canon', 'imageRUNNER 3230', '2011-12-19 17:05:31'),
(1, 23664, 'Canon', 'imageRUNNER 3225', '2011-12-19 17:05:31'),
(1, 23684, 'Konica Minolta', 'Magicolor 4690mf', '0000-00-00 00:00:00'),
(1, 23721, 'Konica Minolta', 'Bizhub Pro 1200', '0000-00-00 00:00:00'),
(1, 23726, 'Dell', '2135cn Mfp', '0000-00-00 00:00:00'),
(1, 23727, 'Dell', '2130cn', '2011-12-19 17:05:31'),
(1, 23728, 'Dell', '3130cn', '2011-12-19 17:05:31'),
(1, 23775, 'Hewlett-packard', 'Color Laserjet Cp6015', '0000-00-00 00:00:00'),
(1, 23783, 'Hewlett-Packard', 'LaserJet P4015', '2011-12-19 17:05:31'),
(1, 23799, 'Epson', 'Stylus Pro 9900', '0000-00-00 00:00:00'),
(1, 23870, 'Brother', 'Mfc-5890cn', '0000-00-00 00:00:00'),
(1, 23879, 'Hewlett-Packard', 'Color LaserJet CP2025n', '2011-12-19 17:05:31'),
(1, 23880, 'Hewlett-Packard', 'Color LaserJet CP2025dn', '2011-12-19 17:05:31'),
(1, 23882, 'Hewlett-Packard', 'Color LaserJet CM2320n', '2011-12-19 17:05:31'),
(1, 23883, 'Hewlett-Packard', 'Color LaserJet CM2320nf', '2011-12-19 17:05:31'),
(1, 23884, 'Hewlett-Packard', 'Color LaserJet CM2320fxi', '2011-12-19 17:05:31'),
(1, 23886, 'Konica Minolta', 'bizhub 361', '2011-12-19 17:05:31'),
(1, 23898, 'Canon', 'Imageprograf Ipf810', '0000-00-00 00:00:00'),
(1, 23966, 'Xerox', 'Phaser 3300mfp/x', '0000-00-00 00:00:00'),
(1, 23990, 'Toshiba', 'Estudio 203sd', '0000-00-00 00:00:00'),
(1, 23991, 'Canon', 'Color imageRUNNER C1022', '2011-12-19 17:05:31'),
(1, 24003, 'Brother', 'Mfc-490cw', '0000-00-00 00:00:00'),
(1, 24005, 'Hewlett-Packard', 'Color LaserJet CM3530 MFP', '2011-12-19 17:05:31'),
(1, 24007, 'Hewlett-packard', 'Color Laserjet Cp3525dn', '0000-00-00 00:00:00'),
(1, 24009, 'Hewlett-Packard', 'LaserJet P2055dn', '2011-12-19 17:05:31'),
(1, 24011, 'Hewlett-Packard', 'LaserJet P2055x', '2011-12-19 17:05:31'),
(1, 24012, 'Hewlett-Packard', 'LaserJet P2035', '2011-12-19 17:05:31'),
(1, 24013, 'Hewlett-Packard', 'LaserJet P2035n', '2011-12-19 17:05:31'),
(1, 24029, 'Infoprint', 'Pro C900', '0000-00-00 00:00:00'),
(1, 24034, 'Ricoh', 'Aficio Mp C2800', '0000-00-00 00:00:00'),
(1, 24035, 'Ricoh', 'Aficio Mp C3300', '0000-00-00 00:00:00'),
(1, 24036, 'Ricoh', 'Aficio MP C4000', '2011-12-19 17:05:31'),
(1, 24037, 'Ricoh', 'Aficio MP C5000', '2011-12-19 17:05:31'),
(1, 24039, 'Xerox', 'Phaser 3300MFP', '2011-12-19 17:05:31'),
(1, 24042, 'Konica Minolta', 'Bizhub C20', '0000-00-00 00:00:00'),
(1, 24045, 'Lexmark', 'X543DN', '2011-12-19 17:05:31'),
(1, 24047, 'Lexmark', 'X544DN', '2011-12-19 17:05:31'),
(1, 24049, 'Lexmark', 'C540N', '2011-12-19 17:05:31'),
(1, 24050, 'Lexmark', 'C543DN', '2011-12-19 17:05:31'),
(1, 24051, 'Lexmark', 'C544n', '0000-00-00 00:00:00'),
(1, 24054, 'Lexmark', 'X652DE MFP', '2011-12-19 17:05:31'),
(1, 24057, 'Lexmark', 'X658de Mfp', '0000-00-00 00:00:00'),
(1, 24070, 'Xerox', 'WorkCentre 4260', '2011-12-19 17:05:31'),
(1, 24100, 'Lexmark', 'T650dn', '2011-12-19 17:05:31'),
(1, 24108, 'Lexmark', 'C544dn', '2011-12-19 17:05:31'),
(1, 24113, 'Lexmark', 'E260D', '2011-12-19 17:05:31'),
(1, 24114, 'Lexmark', 'E260DN', '2011-12-19 17:05:31'),
(1, 24115, 'Lexmark', 'E360D', '2011-12-19 17:05:31'),
(1, 24116, 'Lexmark', 'E360DN', '2011-12-19 17:05:31'),
(1, 24117, 'Lexmark', 'E460DN', '2011-12-19 17:05:31'),
(1, 24118, 'Lexmark', 'E460DW', '2011-12-19 17:05:31'),
(1, 24120, 'Lexmark', 'T652dn', '0000-00-00 00:00:00'),
(1, 24164, 'Hewlett-Packard', 'Color LaserJet CP3525', '2011-12-19 17:05:31'),
(1, 24189, 'Dell', '2330d', '2011-12-19 17:05:31'),
(1, 24190, 'Dell', '2330dn', '2011-12-19 17:05:31'),
(1, 24202, 'Canon', 'Imagerunner 1025', '0000-00-00 00:00:00'),
(1, 24204, 'Canon', 'Imagerunner 1025n', '0000-00-00 00:00:00'),
(1, 24209, 'Brother', 'HL-4040CDN', '2011-12-19 17:05:31'),
(1, 24210, 'Brother', 'MFC-9450CDN', '2011-12-19 17:05:31'),
(1, 24212, 'Hewlett-packard', 'Designjet 510', '0000-00-00 00:00:00'),
(1, 24214, 'Ricoh', 'Aficio MP C2050', '2011-12-19 17:05:31'),
(1, 24215, 'Ricoh', 'Aficio MP C2550', '2011-12-19 17:05:31'),
(1, 24289, 'Sharp', 'MX-C311', '2011-12-19 17:05:31'),
(1, 24290, 'Sharp', 'MX-C401', '2011-12-19 17:05:31'),
(1, 24294, 'Kyocera Mita', 'Taskalfa 250ci', '0000-00-00 00:00:00'),
(1, 24303, 'InfoPrint', '1832', '2011-12-19 17:05:31'),
(1, 24317, 'Dell', '2335dn Mfp', '0000-00-00 00:00:00'),
(1, 24339, 'Dell', '5330dn', '0000-00-00 00:00:00'),
(1, 24353, 'Konica Minolta', 'bizhub 751', '2011-12-19 17:05:31'),
(1, 24354, 'Konica Minolta', 'bizhub 601', '2011-12-19 17:05:31'),
(1, 24405, 'Canon', 'imageRUNNER 5050N', '2011-12-19 17:05:31'),
(1, 24406, 'Sharp', 'MX-4100N', '2011-12-19 17:05:31'),
(1, 24407, 'Sharp', 'MX-4101N', '2011-12-19 17:05:31'),
(1, 24408, 'Sharp', 'MX-5001N', '2011-12-19 17:05:31'),
(1, 24420, 'Kyocera Mita', 'Fs-c5200dn', '0000-00-00 00:00:00'),
(1, 24421, 'Kyocera Mita', 'Fs-c5300dn', '0000-00-00 00:00:00'),
(1, 24422, 'Kyocera Mita', 'Fs-1350dn', '0000-00-00 00:00:00'),
(1, 24426, 'Konica Minolta', 'Magicolor 1690mf', '0000-00-00 00:00:00'),
(1, 24607, 'Samsung', 'ML-2855ND', '2011-12-19 17:05:31'),
(1, 24633, 'Hewlett-packard', 'Photosmart C309a Aio', '0000-00-00 00:00:00'),
(1, 24673, 'Sharp', 'DX-B350P', '2011-12-19 17:05:31'),
(1, 24674, 'Sharp', 'DX-B450P', '2011-12-19 17:05:31'),
(1, 24676, 'Xerox', 'Phaser 6280DN', '2011-12-19 17:05:31'),
(1, 24677, 'Xerox', 'Phaser 6280N', '2011-12-19 17:05:31'),
(1, 24685, 'Konica Minolta', 'Bizhub C652', '0000-00-00 00:00:00'),
(1, 24686, 'Konica Minolta', 'Bizhub C552', '0000-00-00 00:00:00'),
(1, 24744, 'Xerox', 'Phaser 6128MFP', '2011-12-19 17:05:31'),
(1, 24750, 'Hewlett-packard', 'Officejet Pro 8500 Aio', '0000-00-00 00:00:00'),
(1, 24752, 'Hewlett-packard', 'Officejet Pro 8500 Premier', '0000-00-00 00:00:00'),
(1, 24753, 'Hewlett-packard', 'Officejet Pro 8000', '0000-00-00 00:00:00'),
(1, 24755, 'Hewlett-packard', 'Officejet 6500 Aio', '0000-00-00 00:00:00'),
(1, 24756, 'Hewlett-packard', 'Officejet 6500 Aio Wireless', '0000-00-00 00:00:00'),
(1, 24760, 'Dell', '1235cn', '0000-00-00 00:00:00'),
(1, 24761, 'Dell', '2145cn', '0000-00-00 00:00:00'),
(1, 24763, 'Brother', 'HL-5340D', '2011-12-19 17:05:31'),
(1, 24764, 'Brother', 'HL-5370DW', '2011-12-19 17:05:31'),
(1, 24766, 'Brother', 'MFC-8480DN', '2011-12-19 17:05:31'),
(1, 24767, 'Brother', 'MFC-8890DW', '2011-12-19 17:05:31'),
(1, 24801, 'Ricoh', 'Aficio SP C231SF', '2011-12-19 17:05:31'),
(1, 24802, 'Ricoh', 'Aficio SP C232SF', '2011-12-19 17:05:31'),
(1, 24803, 'Ricoh', 'Aficio SP C311N', '2011-12-19 17:05:31'),
(1, 24804, 'Ricoh', 'Aficio SP C312DN', '2011-12-19 17:05:31'),
(1, 24811, 'Sharp', 'MX-B401', '2011-12-19 17:05:31'),
(1, 24816, 'Savin', 'C9025', '0000-00-00 00:00:00'),
(1, 24828, 'Konica Minolta', 'Bizhub Pro 950', '0000-00-00 00:00:00'),
(1, 24829, 'Lexmark', 'X463DE', '2011-12-19 17:05:31'),
(1, 24833, 'Lexmark', 'X464DE', '2011-12-19 17:05:31'),
(1, 24834, 'Lexmark', 'X466DE', '2011-12-19 17:05:31'),
(1, 24837, 'Lexmark', 'X264DN', '2011-12-19 17:05:31'),
(1, 24839, 'Lexmark', 'X364DN', '2011-12-19 17:05:31'),
(1, 24855, 'Hewlett-packard', 'Designjet T1120', '0000-00-00 00:00:00'),
(1, 24916, 'Kyocera Mita', 'Fs-4020dn', '0000-00-00 00:00:00'),
(1, 24917, 'Kyocera Mita', 'Fs-3920dn', '0000-00-00 00:00:00'),
(1, 24962, 'Ricoh', 'Aficio SP 4210N', '2011-12-19 17:05:31'),
(1, 24966, 'Ricoh', 'Aficio MP 171', '2011-12-19 17:05:31'),
(1, 24974, 'Konica Minolta', 'Bizhub 362', '0000-00-00 00:00:00'),
(1, 24978, 'Kyocera Mita', 'Fs-2020d', '0000-00-00 00:00:00'),
(1, 24994, 'Canon', 'Imageprograf Ipf755', '0000-00-00 00:00:00'),
(1, 25012, 'Sharp', 'Mx-m503n', '0000-00-00 00:00:00'),
(1, 25013, 'Sharp', 'Mx-m453n', '0000-00-00 00:00:00'),
(1, 25014, 'Sharp', 'Mx-m363n', '0000-00-00 00:00:00'),
(1, 25018, 'Xerox', 'Colorqube 9201', '0000-00-00 00:00:00'),
(1, 25049, 'Hewlett-packard', 'Officejet 6000', '0000-00-00 00:00:00'),
(1, 25053, 'Hewlett-packard', 'Officejet 7000', '0000-00-00 00:00:00'),
(1, 25054, 'Lexmark', 'X734DE', '2011-12-19 17:05:31'),
(1, 25055, 'Lexmark', 'X736DE', '2011-12-19 17:05:31'),
(1, 25056, 'Lexmark', 'X738DE', '2011-12-19 17:05:31'),
(1, 25068, 'Lexmark', 'C734DN', '2011-12-19 17:05:31'),
(1, 25074, 'Lexmark', 'C734dw', '0000-00-00 00:00:00'),
(1, 25076, 'Lexmark', 'C736DN', '2011-12-19 17:05:31'),
(1, 25078, 'Lexmark', 'X204N', '2011-12-19 17:05:31'),
(1, 25103, 'Xerox', 'Workcentre 6400/x', '0000-00-00 00:00:00'),
(1, 25104, 'Xerox', 'Workcentre 6400/xf', '0000-00-00 00:00:00'),
(1, 25108, 'Xerox', 'Workcentre 4250/c', '0000-00-00 00:00:00'),
(1, 25110, 'Xerox', 'Workcentre 4250/x', '0000-00-00 00:00:00'),
(1, 25111, 'Xerox', 'Workcentre 4250/xf', '0000-00-00 00:00:00'),
(1, 25113, 'Xerox', 'WorkCentre 7428', '2011-12-19 17:05:31'),
(1, 25114, 'Xerox', 'WorkCentre 7435', '2011-12-19 17:05:31'),
(1, 25115, 'Ricoh', 'Aficio SP C231N', '2011-12-19 17:05:31'),
(1, 25116, 'Ricoh', 'Aficio SP C232DN', '2011-12-19 17:05:31'),
(1, 25135, 'Lexmark', 'X203N', '2011-12-19 17:05:31'),
(1, 25196, 'Kyocera Mita', 'FS-C1020MFP', '2011-12-19 17:05:31'),
(1, 25206, 'Toshiba', 'Estudio 205l', '0000-00-00 00:00:00'),
(1, 25207, 'Toshiba', 'eStudio 255', '2011-12-19 17:05:31'),
(1, 25208, 'Toshiba', 'Estudio 305', '0000-00-00 00:00:00'),
(1, 25209, 'Toshiba', 'Estudio 355', '0000-00-00 00:00:00'),
(1, 25210, 'Toshiba', 'Estudio 455', '0000-00-00 00:00:00'),
(1, 25212, 'Toshiba', 'Estudio 655', '0000-00-00 00:00:00'),
(1, 25213, 'Toshiba', 'Estudio 755', '0000-00-00 00:00:00'),
(1, 25214, 'Toshiba', 'Estudio 855', '0000-00-00 00:00:00'),
(1, 25216, 'Kyocera Mita', 'Fs-c5400dn', '0000-00-00 00:00:00'),
(1, 25221, 'Xerox', 'WorkCentre 3220DN', '2011-12-19 17:05:31'),
(1, 25234, 'Ricoh', 'Aficio MP 6001', '2011-12-19 17:05:31'),
(1, 25260, 'Ricoh', 'Aficio Sp 1100s', '0000-00-00 00:00:00'),
(1, 25263, 'Hewlett-Packard', 'LaserJet Enterprise P3015', '2011-12-19 17:05:31'),
(1, 25265, 'Hewlett-Packard', 'LaserJet Enterprise P3015dn', '2011-12-19 17:05:31'),
(1, 25297, 'Canon', 'Imagerunner Advance C9065 Pro', '0000-00-00 00:00:00'),
(1, 25310, 'Kyocera Mita', 'Fs-1028mfp', '0000-00-00 00:00:00'),
(1, 25312, 'Kyocera Mita', 'Fs-1128mfp', '0000-00-00 00:00:00'),
(1, 25315, 'Ricoh', 'Pro 907ex', '0000-00-00 00:00:00'),
(1, 25316, 'Ricoh', 'Pro 1107ex', '0000-00-00 00:00:00'),
(1, 25317, 'Ricoh', 'Pro 1357ex', '0000-00-00 00:00:00'),
(1, 25318, 'Samsung', 'SCX-6545N', '2011-12-19 17:05:31'),
(1, 25319, 'Ricoh', 'Aficio Sp C820dn', '0000-00-00 00:00:00'),
(1, 25337, 'Sharp', 'FO-2080', '2011-12-19 17:05:31'),
(1, 25376, 'Ricoh', 'Aficio Sp 3300d', '0000-00-00 00:00:00'),
(1, 25378, 'Savin', 'Mlp150dn', '0000-00-00 00:00:00'),
(1, 25381, 'Savin', '8025e', '0000-00-00 00:00:00'),
(1, 25397, 'Savin', 'C4040', '0000-00-00 00:00:00'),
(1, 25400, 'Savin', 'C5050', '0000-00-00 00:00:00'),
(1, 25428, 'Kyocera Mita', 'Fs-c5350dn', '0000-00-00 00:00:00'),
(1, 25439, 'Epson', 'Stylus Pro 3880', '0000-00-00 00:00:00'),
(1, 25452, 'Brother', 'HL-3040CN', '2011-12-19 17:05:31'),
(1, 25453, 'Brother', 'Hl-3070cw', '0000-00-00 00:00:00'),
(1, 25454, 'Brother', 'MFC-9010CN', '2011-12-19 17:05:31'),
(1, 25579, 'Samsung', 'Scx-4623f', '0000-00-00 00:00:00'),
(1, 25581, 'Samsung', 'Ml-2525', '0000-00-00 00:00:00'),
(1, 25592, 'Konica Minolta', 'Bizhub C452', '0000-00-00 00:00:00'),
(1, 25593, 'Konica Minolta', 'Bizhub C360', '0000-00-00 00:00:00'),
(1, 25594, 'Konica Minolta', 'Bizhub C280', '0000-00-00 00:00:00'),
(1, 25595, 'Konica Minolta', 'Bizhub C220', '0000-00-00 00:00:00'),
(1, 25598, 'Canon', 'imageRUNNER ADVANCE C7065', '2011-12-19 17:05:31'),
(1, 25599, 'Canon', 'imageRUNNER ADVANCE C7055', '2011-12-19 17:05:31'),
(1, 25600, 'Canon', 'imageRUNNER ADVANCE C5051', '2011-12-19 17:05:31'),
(1, 25601, 'Canon', 'imageRUNNER ADVANCE C5045', '2011-12-19 17:05:31'),
(1, 25602, 'Canon', 'imageRUNNER ADVANCE C5035', '2011-12-19 17:05:31'),
(1, 25603, 'Canon', 'Imagerunner Advance C5030', '0000-00-00 00:00:00'),
(1, 25684, 'Savin', '9060', '2011-12-19 17:05:31'),
(1, 25686, 'Savin', '9070', '0000-00-00 00:00:00'),
(1, 25708, 'Savin', 'C4540', '0000-00-00 00:00:00'),
(1, 25709, 'Savin', 'C4540spf', '0000-00-00 00:00:00'),
(1, 25714, 'Lexmark', 'X546dtn', '2011-12-19 17:05:31'),
(1, 25731, 'Xerox', 'Phaser 6140N', '2011-12-19 17:05:31'),
(1, 25736, 'Xerox', 'Workcentre 7775', '0000-00-00 00:00:00'),
(1, 25751, 'Fuji', 'UVISTAR 3532', '2011-12-19 17:05:31'),
(1, 25755, 'Hewlett-packard', 'Designjet T1200', '0000-00-00 00:00:00'),
(1, 25758, 'Hewlett-packard', 'Designjet T770', '0000-00-00 00:00:00'),
(1, 25805, 'Kyocera Mita', 'KM-1820', '2011-12-19 17:05:31'),
(1, 25810, 'Kyocera Mita', 'Taskalfa 420i', '0000-00-00 00:00:00'),
(1, 25811, 'Kyocera Mita', 'Taskalfa 520i', '0000-00-00 00:00:00'),
(1, 25817, 'Xerox', 'WorkCentre 5135 Copier', '2011-12-19 17:05:31'),
(1, 25818, 'Xerox', 'WorkCentre 5135 Copier/Printer', '2011-12-19 17:05:31'),
(1, 25819, 'Xerox', 'WorkCentre 5150 Copier', '2011-12-19 17:05:31'),
(1, 25828, 'Xerox', 'Wide Format 6605', '0000-00-00 00:00:00'),
(1, 25858, 'Dell', '5130cdn', '0000-00-00 00:00:00'),
(1, 25860, 'Hewlett-packard', 'Color Laserjet Enterprise Cp4025n', '0000-00-00 00:00:00'),
(1, 25861, 'Hewlett-Packard', 'Color LaserJet Enterprise CP4025dn', '2011-12-19 17:05:31'),
(1, 25869, 'Hewlett-Packard', 'LaserJet 5200L', '2011-12-19 17:05:31'),
(1, 25884, 'Hewlett-packard', 'Color Laserjet Enterprise Cp4525', '0000-00-00 00:00:00'),
(1, 25923, 'Samsung', 'CLX-8540ND', '2011-12-19 17:05:31'),
(1, 190149, 'Hewlett-packard', 'Laserjet Natet45', '0000-00-00 00:00:00'),
(1, 200003, 'Konica Minolta', 'Bizhub C35', '0000-00-00 00:00:00'),
(1, 200004, 'Konica Minolta', 'Bizhub C35p', '0000-00-00 00:00:00'),
(1, 200005, 'Konica Minolta', 'Bizhub C652ds', '0000-00-00 00:00:00'),
(1, 200019, 'Konica Minolta', 'Bizhub 223', '0000-00-00 00:00:00'),
(1, 200020, 'Konica Minolta', 'Bizhub 283', '0000-00-00 00:00:00'),
(1, 200021, 'Konica Minolta', 'Bizhub 363', '0000-00-00 00:00:00'),
(1, 200022, 'Konica Minolta', 'Bizhub 423', '0000-00-00 00:00:00'),
(1, 1000019, 'Kyocera Mita', 'Taskalfa 300i', '0000-00-00 00:00:00'),
(1, 1000024, 'Kyocera Mita', 'FS-1118MFP', '2011-12-19 17:05:31'),
(1, 1000026, 'Hewlett-packard', 'Laserjet M4349 Mfp', '0000-00-00 00:00:00'),
(1, 1000034, 'Hewlett-packard', 'Cp4520', '0000-00-00 00:00:00'),
(1, 1000052, 'Hewlett-Packard', 'Laserjet P1606DN', '2011-12-19 17:05:31'),
(1, 1000053, 'Hewlett-packard', 'Deskjet 6500', '0000-00-00 00:00:00'),
(1, 1000054, 'Ricoh', 'Mp 2851', '0000-00-00 00:00:00'),
(1, 1000057, 'Hewlett-packard', 'Officejet 7400', '0000-00-00 00:00:00'),
(1, 1000059, 'Ricoh', 'Aficio Mp 4001', '0000-00-00 00:00:00'),
(1, 1000060, 'Ricoh', 'Aficio MP 5001', '2011-12-19 17:05:31'),
(1, 1000061, 'Sharp', 'Mx-3500', '0000-00-00 00:00:00'),
(1, 1000065, 'Savin', '4027', '0000-00-00 00:00:00'),
(1, 1000084, 'Oki', 'C330dn', '0000-00-00 00:00:00'),
(1, 1000102, 'Oki', 'B720n', '0000-00-00 00:00:00'),
(1, 1000107, 'Kyocera Mita', 'Fs-3140mfp', '0000-00-00 00:00:00'),
(1, 1000109, 'Kyocera Mita', 'Fs-c2126mfp', '0000-00-00 00:00:00'),
(1, 1000111, 'Kyocera Mita', 'Fs-1370dn', '0000-00-00 00:00:00'),
(1, 1000114, 'Canon', 'Imagerunner Advance 8095', '0000-00-00 00:00:00'),
(1, 1000127, 'Xerox', 'Workcentre 7120', '0000-00-00 00:00:00'),
(1, 1000134, 'Ricoh', 'Aficio SP 8200DN', '2011-12-19 17:05:31'),
(1, 1000135, 'Sharp', 'MX-C400P', '2011-12-19 17:05:31'),
(1, 1000143, 'Kyocera Mita', 'Fs-c5150dn', '0000-00-00 00:00:00'),
(1, 1000145, 'Kyocera Mita', 'Taskalfa 255', '0000-00-00 00:00:00'),
(1, 1000147, 'Xerox', 'WorkCentre 5735', '2011-12-19 17:05:31'),
(1, 1000148, 'Xerox', 'WorkCentre 5740', '2011-12-19 17:05:31'),
(1, 1000149, 'Xerox', 'WorkCentre 5745', '2011-12-19 17:05:31'),
(1, 1000150, 'Xerox', 'WorkCentre 5755', '2011-12-19 17:05:32'),
(1, 1000151, 'Xerox', 'WorkCentre 5765', '2011-12-19 17:05:32'),
(1, 1000152, 'Xerox', 'WorkCentre 5775', '2011-12-19 17:05:32'),
(1, 1000153, 'Xerox', 'WorkCentre 5790', '2011-12-19 17:05:32'),
(1, 1000164, 'Canon', 'Imagerunner Advance 6055', '0000-00-00 00:00:00'),
(1, 1000168, 'Hewlett-packard', 'Designjet T2300 Postscript Emfp', '0000-00-00 00:00:00'),
(1, 1000169, 'Ricoh', 'Aficio Mp C6501 Sp', '0000-00-00 00:00:00'),
(1, 1000170, 'Dell', '5230n', '0000-00-00 00:00:00'),
(1, 1000173, 'Xerox', 'Colorqube 8570n', '0000-00-00 00:00:00'),
(1, 1000175, 'Xerox', 'Colorqube 8570dt', '0000-00-00 00:00:00'),
(1, 1000179, 'Sharp', 'Mx-c402sc', '0000-00-00 00:00:00'),
(1, 1000182, 'Hewlett-packard', 'Laserjet Pro Cp1025nw', '0000-00-00 00:00:00'),
(1, 1000184, 'Hewlett-packard', 'Color Laserjet Enterprise Cm4540 Mfp', '0000-00-00 00:00:00'),
(1, 1000294, 'Konica Minolta', 'Cf 2020', '0000-00-00 00:00:00'),
(1, 1000300, 'Hewlett-packard', 'Laserjet Pro Cm1415fnw', '0000-00-00 00:00:00'),
(1, 1000302, 'Xerox', 'Workcentre 3550', '0000-00-00 00:00:00'),
(1, 1000304, 'Ricoh', 'Aficio Mp C4501', '0000-00-00 00:00:00'),
(1, 1000306, 'Kyocera Mita', 'Taskalfa 255c', '0000-00-00 00:00:00'),
(1, 1000313, 'Kyocera Mita', 'Fs-3640mfp', '0000-00-00 00:00:00'),
(1, 1000317, 'Kyocera Mita', 'Taskalfa 3050ci', '0000-00-00 00:00:00'),
(1, 1000318, 'Kyocera Mita', 'Taskalfa 3500i', '0000-00-00 00:00:00'),
(1, 1000321, 'Kyocera Mita', 'Taskalfa 4550ci', '0000-00-00 00:00:00'),
(1, 1000323, 'Kyocera Mita', 'Taskalfa 5500i', '0000-00-00 00:00:00'),
(1, 1000328, 'Kyocera Mita', 'Taskalfa 8000i', '0000-00-00 00:00:00'),
(1, 1000336, 'Xerox', 'Workcentre 7545', '0000-00-00 00:00:00'),
(1, 1000350, 'Sharp', 'Mx-m200d', '0000-00-00 00:00:00'),
(1, 1000351, 'Sharp', 'Mx-m260', '0000-00-00 00:00:00'),
(1, 1000353, 'Sharp', 'Mx-m283n', '0000-00-00 00:00:00'),
(1, 1000355, 'Sharp', 'Mx-2610n', '0000-00-00 00:00:00'),
(1, 1000356, 'Sharp', 'Mx-3610n', '0000-00-00 00:00:00'),
(1, 1000360, 'Konica Minolta', 'Bizhub 652', '0000-00-00 00:00:00'),
(1, 1000364, 'Ricoh', 'Aficio Mp C3501', '0000-00-00 00:00:00'),
(1, 1000367, 'Ricoh', 'Aficio Mp C5501', '0000-00-00 00:00:00'),
(1, 1000371, 'Hewlett-packard', 'Laserjet Enterprise M4555 Mfp', '0000-00-00 00:00:00'),
(1, 1000376, 'Hewlett-packard', 'Officejet 6300', '0000-00-00 00:00:00'),
(1, 1000377, 'Hewlett-packard', 'Officejet 7300', '0000-00-00 00:00:00'),
(1, 1000385, 'Lanier', 'Ld130c', '0000-00-00 00:00:00'),
(1, 1000399, 'Hewlett-packard', 'Color Laserjet Enterprise Cp5520', '0000-00-00 00:00:00'),
(1, 1000412, 'Savin', 'C9130', '0000-00-00 00:00:00'),
(1, 1000413, 'Hewlett-packard', 'Indigo 7500 Digital Press', '0000-00-00 00:00:00'),
(1, 1000417, 'Sharp', 'Ar-208d', '0000-00-00 00:00:00'),
(1, 1000466, 'Savin', '4035e', '0000-00-00 00:00:00'),
(1, 1000475, 'Ricoh', 'Aficio Sp C430dn', '0000-00-00 00:00:00'),
(1, 1000489, 'Savin', 'C9145', '0000-00-00 00:00:00'),
(1, 1000500, 'Konica Minolta', 'Bizhub Pro 1050p', '0000-00-00 00:00:00'),
(1, 1000512, 'Samsung', 'Clx-6220fx', '0000-00-00 00:00:00'),
(1, 1000603, 'Hewlett-packard', 'Laserjet Pro M1536dnf', '0000-00-00 00:00:00'),
(1, 1000809, 'Ricoh', 'Aficio Mp 161l', '0000-00-00 00:00:00'),
(1, 1000830, 'Ricoh', 'Aficio Bp20n', '0000-00-00 00:00:00'),
(1, 1001022, 'Lanier', 'Lp025n', '0000-00-00 00:00:00'),
(1, 1001094, 'Ricoh', 'Aficio Mp 4000', '0000-00-00 00:00:00'),
(1, 1001098, 'Ricoh', 'Aficio Mp 5000', '0000-00-00 00:00:00'),
(1, 1001111, 'Ricoh', 'Aficio Mp 2550', '0000-00-00 00:00:00'),
(1, 1001142, 'Ricoh', 'Aficio Sp C410dn', '0000-00-00 00:00:00'),
(1, 1001265, 'Brother', 'Mfc-9970cdw', '0000-00-00 00:00:00'),
(1, 1001295, 'Lanier', '5613f', '0000-00-00 00:00:00'),
(1, 1001346, 'Ricoh', 'Aficio Mpc 300', '0000-00-00 00:00:00'),
(1, 1001348, 'Ricoh', 'Aficio Mpc 400', '0000-00-00 00:00:00'),
(1, 1001358, 'Dell', '2155cdn', '0000-00-00 00:00:00'),
(1, 1001360, 'Ricoh', 'Aficio Mp C2551', '0000-00-00 00:00:00'),
(1, 1001362, 'Kyocera Mita', 'Fs-1135mfp', '0000-00-00 00:00:00'),
(1, 1001418, 'Toshiba', 'Estudio 4540c', '0000-00-00 00:00:00'),
(1, 1001419, 'Toshiba', 'Estudio 3540c', '0000-00-00 00:00:00'),
(1, 1001421, 'Toshiba', 'Estudio 2540c', '0000-00-00 00:00:00'),
(1, 1001422, 'Toshiba', 'Estudio 2040c', '0000-00-00 00:00:00'),
(1, 1001451, 'Hewlett-packard', 'Laserjet Enterprise 500 Color M551n', '0000-00-00 00:00:00'),
(1, 1001452, 'Hewlett-packard', 'Laserjet Enterprise 500 Color M551dn', '0000-00-00 00:00:00'),
(1, 1001457, 'Hewlett-packard', 'Laserjet Enterprise 600 M602n', '0000-00-00 00:00:00'),
(1, 1001460, 'Hewlett-packard', 'Laserjet Enterprise 600 M603n', '0000-00-00 00:00:00'),
(1, 1001469, 'Xerox', 'Colorqube 9303', '0000-00-00 00:00:00'),
(1, 1001515, 'Hewlett-packard', 'Laserjet 1100', '0000-00-00 00:00:00'),
(1, 1001545, 'Hewlett-packard', 'Officejet Pro 8600 Plus E-all-in-one', '0000-00-00 00:00:00'),
(1, 1001590, 'Hewlett-packard', 'Laserjet Pro 400 Color M451dn', '0000-00-00 00:00:00'),
(1, 1001617, 'Memjet', 'Office Printer Pro K25', '0000-00-00 00:00:00'),
(1, 1001748, 'Ricoh', 'Aficio Mp C305sp', '0000-00-00 00:00:00'),
(1, 1001793, 'Hewlett-packard', 'Laserjet Enterprise 500 Mfp M575dn', '0000-00-00 00:00:00'),
(1, 1001796, 'Hewlett-packard', 'Laserjet Pro 400 M401dn', '0000-00-00 00:00:00'),
(1, 1001819, 'Lexmark', 'C748de', '0000-00-00 00:00:00'),
(1, 1001863, 'Toshiba', 'E-studio 206l', '0000-00-00 00:00:00'),
(2, 11, 'BROTHER', 'HL-2170W Series', '2012-12-17 10:25:43'),
(2, 1418, 'BROTHER', 'MFC-7440N', '2012-12-17 10:25:43'),
(2, 1716, 'HP', 'Business Inkjet 1200', '2012-12-17 10:25:43'),
(2, 1767, 'HP', 'Business Inkjet 2800', '2012-12-17 10:25:43'),
(2, 1902, 'HP', 'Color LaserJet 5500', '2012-12-17 10:25:43'),
(2, 1917, 'HP', 'Color LaserJet 5550', '2012-12-17 10:25:43'),
(2, 1947, 'HP', 'Color LaserJet 2605dn', '2012-12-17 10:25:43'),
(2, 1961, 'HP', 'Color LaserJet 2820', '2012-12-17 10:25:43'),
(2, 1967, 'HP', 'Color LaserJet 2840', '2012-12-17 10:25:43'),
(2, 1994, 'HP', 'Color LaserJet 3600', '2012-12-17 10:25:43'),
(2, 2004, 'HP', 'Color LaserJet CM2320nf MFP', '2012-12-17 10:25:43'),
(2, 2027, 'HP', 'Color LaserJet 4500', '2012-12-17 10:25:43'),
(2, 2117, 'HP', 'Color LaserJet CP1518ni', '2012-12-17 10:25:43'),
(2, 2121, 'HP', 'Color LaserJet CP2025dn', '2012-12-17 10:25:43'),
(2, 2123, 'HP', 'Color LaserJet CP2025n', '2012-12-17 10:25:43'),
(2, 2125, 'HP', 'Color LaserJet 4650', '2012-12-17 10:25:43'),
(2, 2126, 'HP', 'Color LaserJet CP3505', '2012-12-17 10:25:43'),
(2, 2140, 'HP', 'Color LaserJet 4700', '2012-12-17 10:25:43'),
(2, 2141, 'HP', 'Color LaserJet CP4005', '2012-12-17 10:25:43'),
(2, 2186, 'HP', 'Designjet 130nr (C7791D)', '2012-12-17 10:25:44'),
(2, 2222, 'HP', 'Deskjet 6940 Series', '2012-12-17 10:25:44'),
(2, 2327, 'HP', 'LaserJet 5', '2012-12-17 10:25:45'),
(2, 2333, 'HP', 'LaserJet 5000 Series', '2012-12-17 10:25:45'),
(2, 2356, 'HP', 'LaserJet 5200', '2012-12-17 10:25:45'),
(2, 2385, 'HP', 'LaserJet 5M', '2012-12-17 10:25:45'),
(2, 2394, 'HP', 'LaserJet 1200', '2012-12-17 10:25:44'),
(2, 2395, 'HP', 'LaserJet 5Si', '2012-12-17 10:25:45'),
(2, 2411, 'HP', 'LaserJet 1300n', '2012-12-17 10:25:44'),
(2, 2417, 'HP', 'LaserJet 1320 Series', '2012-12-17 10:25:44'),
(2, 2421, 'HP', 'LaserJet 6P', '2012-12-17 10:25:45'),
(2, 2433, 'HP', 'LaserJet 8000 Series', '2012-12-17 10:25:45'),
(2, 2444, 'HP', 'LaserJet 2100 Series', '2012-12-17 10:25:44'),
(2, 2457, 'HP', 'LaserJet 8150 Series', '2012-12-17 10:25:45'),
(2, 2462, 'HP', 'LaserJet 2200', '2012-12-17 10:25:44'),
(2, 2472, 'HP', 'LaserJet 2300 Series', '2012-12-17 10:25:44'),
(2, 2488, 'HP', 'LaserJet 2420', '2012-12-17 10:25:44'),
(2, 2498, 'HP', 'LaserJet 2430', '2012-12-17 10:25:44'),
(2, 2512, 'HP', 'LaserJet 3030', '2012-12-17 10:25:44'),
(2, 2555, 'HP', 'LaserJet 3390', '2012-12-17 10:25:44'),
(2, 2565, 'HP', 'LaserJet 4000 Series', '2012-12-17 10:25:44'),
(2, 2571, 'HP', 'LaserJet 4050 Series', '2012-12-17 10:25:44'),
(2, 2587, 'HP', 'LaserJet 4100 Series', '2012-12-17 10:25:44'),
(2, 2588, 'HP', 'LaserJet 9000 Series', '2012-12-17 10:25:45'),
(2, 2601, 'HP', 'LaserJet P1505n', '2012-12-17 10:25:45'),
(2, 2607, 'HP', 'LaserJet P2015 Series', '2012-12-17 10:25:45'),
(2, 2608, 'HP', 'LaserJet 4200', '2012-12-17 10:25:44'),
(2, 2628, 'HP', 'LaserJet 4240', '2012-12-17 10:25:45'),
(2, 2632, 'HP', 'LaserJet P2055dn', '2012-12-17 10:25:46'),
(2, 2634, 'HP', 'LaserJet 4250', '2012-12-17 10:25:45'),
(2, 2642, 'HP', 'LaserJet P3005', '2012-12-17 10:25:46'),
(2, 2649, 'HP', 'LaserJet 4300', '2012-12-17 10:25:45'),
(2, 2663, 'HP', 'LaserJet P4014', '2012-12-17 10:25:46'),
(2, 2666, 'HP', 'LaserJet P4015', '2012-12-17 10:25:46'),
(2, 2669, 'HP', 'LaserJet P4515', '2012-12-17 10:25:46'),
(2, 2683, 'HP', 'LaserJet 4350', '2012-12-17 10:25:45'),
(2, 2685, 'HP', 'LaserJet M1522nf MFP', '2012-12-17 10:25:45'),
(2, 2691, 'HP', 'LaserJet M2727nf MFP', '2012-12-17 10:25:45'),
(2, 2854, 'HP', 'Officejet Pro K5400', '2012-12-17 10:25:46'),
(2, 3521, 'KONICA', 'MINOLTA Bizhub 750', '2012-12-17 10:25:46'),
(2, 3537, 'KONICA', 'MINOLTA Bizhub C353', '2012-12-17 10:25:46'),
(2, 3539, 'KONICA', 'MINOLTA Bizhub C451', '2012-12-17 10:25:46'),
(2, 3764, 'LEXMARK', 'C532', '2012-12-17 10:25:46'),
(2, 3936, 'LEXMARK', 'E120n', '2012-12-17 10:25:46'),
(2, 4966, 'RICOH', 'Aficio 2020', '2012-12-17 10:25:46'),
(2, 5024, 'RICOH', 'Aficio 2035e', '2012-12-17 10:25:46'),
(2, 5056, 'RICOH', 'LASER AP2610N', '2012-12-17 10:25:50'),
(2, 5074, 'RICOH', 'Aficio 2060', '2012-12-17 10:25:47'),
(2, 5086, 'RICOH', 'Aficio 2090', '2012-12-17 10:25:47'),
(2, 5101, 'RICOH', 'Aficio 2238C', '2012-12-17 10:25:47'),
(2, 5123, 'RICOH', 'Aficio AP410N', '2012-12-17 10:25:47'),
(2, 5140, 'RICOH', 'Aficio 3030', '2012-12-17 10:25:47'),
(2, 5161, 'RICOH', 'Aficio 3035', '2012-12-17 10:25:47'),
(2, 5179, 'RICOH', 'Aficio 3045', '2012-12-17 10:25:47'),
(2, 5182, 'RICOH', 'Aficio CL3500N', '2012-12-17 10:25:47'),
(2, 5184, 'RICOH', 'Aficio CL4000DN', '2012-12-17 10:25:47'),
(2, 5195, 'RICOH', 'Aficio MP 8000', '2012-12-17 10:25:47'),
(2, 5201, 'RICOH', 'Aficio MP 9000', '2012-12-17 10:25:47'),
(2, 5202, 'RICOH', 'Aficio 3228C', '2012-12-17 10:25:47'),
(2, 5208, 'RICOH', 'Aficio 3235C', '2012-12-17 10:25:47'),
(2, 5211, 'RICOH', 'Aficio 3245C', '2012-12-17 10:25:47'),
(2, 5213, 'RICOH', 'Aficio 3260C', '2012-12-17 10:25:47'),
(2, 5216, 'RICOH', 'Aficio MP C2030', '2012-12-17 10:25:47'),
(2, 5218, 'RICOH', 'Aficio MP C2050', '2012-12-17 10:25:47'),
(2, 5220, 'RICOH', 'Aficio MP C2500', '2012-12-17 10:25:47'),
(2, 5236, 'RICOH', 'Aficio MP C2800', '2012-12-17 10:25:47'),
(2, 5244, 'RICOH', 'Aficio MP C3000', '2012-12-17 10:25:47'),
(2, 5258, 'RICOH', 'Aficio MP C3500', '2012-12-17 10:25:47'),
(2, 5264, 'RICOH', 'Aficio MP C3501', '2012-12-17 10:25:47'),
(2, 5266, 'RICOH', 'Aficio MP C4000', '2012-12-17 10:25:48'),
(2, 5268, 'RICOH', 'Aficio MP C4500', '2012-12-17 10:25:48'),
(2, 5272, 'RICOH', 'Aficio MP C5000', '2012-12-17 10:25:48'),
(2, 5276, 'RICOH', 'Aficio MP C6000', '2012-12-17 10:25:48'),
(2, 5282, 'RICOH', 'Aficio MP C7501', '2012-12-17 10:25:48'),
(2, 5304, 'RICOH', 'Aficio SP 4100N', '2012-12-17 10:25:48'),
(2, 5312, 'SAVIN', 'SP 5100N', '2012-12-17 10:25:52'),
(2, 5314, 'RICOH', 'Aficio SP 8100DN', '2012-12-17 10:25:48'),
(2, 5325, 'RICOH', 'Aficio 1018', '2012-12-17 10:25:46'),
(2, 5332, 'RICOH', 'Aficio SP C400DN', '2012-12-17 10:25:49'),
(2, 5334, 'RICOH', 'Aficio SP C410DN', '2012-12-17 10:25:49'),
(2, 5335, 'RICOH', 'Aficio 1035', '2012-12-17 10:25:46'),
(2, 5340, 'RICOH', 'Aficio SP C420DN', '2012-12-17 10:25:49'),
(2, 5344, 'RICOH', 'Aficio SP C811DN', '2012-12-17 10:25:49'),
(2, 5355, 'RICOH', 'Aficio 1075', '2012-12-17 10:25:46'),
(2, 5460, 'RICOH', 'Aficio CL7200', '2012-12-17 10:25:47'),
(2, 5600, 'RICOH', 'Aficio MP 1350', '2012-12-17 10:25:47'),
(2, 5621, 'RICOH', 'Aficio MP 161', '2012-12-17 10:25:47'),
(2, 5637, 'RICOH', 'Aficio MP 2000', '2012-12-17 10:25:47'),
(2, 5658, 'RICOH', 'Aficio MP 2510', '2012-12-17 10:25:47'),
(2, 5672, 'RICOH', 'Aficio MP 2550', '2012-12-17 10:25:47'),
(2, 5675, 'RICOH', 'Aficio MP 3010', '2012-12-17 10:25:47'),
(2, 5690, 'RICOH', 'Aficio MP 3350', '2012-12-17 10:25:47'),
(2, 5693, 'RICOH', 'Aficio MP 3500', '2012-12-17 10:25:47'),
(2, 5712, 'RICOH', 'Aficio MP 4000', '2012-12-17 10:25:47'),
(2, 5715, 'RICOH', 'Aficio MP 4500', '2012-12-17 10:25:47'),
(2, 5746, 'RICOH', 'Aficio MP 5000', '2012-12-17 10:25:47'),
(2, 5752, 'RICOH', 'Aficio MP 5500', '2012-12-17 10:25:47'),
(2, 5770, 'RICOH', 'Aficio MP 7000', '2012-12-17 10:25:47'),
(2, 5776, 'RICOH', 'Aficio MP 7500', '2012-12-17 10:25:47'),
(2, 5928, 'SHARP', 'AR-M237', '2012-12-17 10:25:53'),
(2, 5975, 'SHARP', 'AR-M350', '2012-12-17 10:25:53'),
(2, 6009, 'SHARP', 'AR-M450', '2012-12-17 10:25:53'),
(2, 6379, 'SHARP', 'MX-4101N', '2012-12-17 10:25:53'),
(2, 6443, 'SHARP', 'MX-M950', '2012-12-17 10:25:53'),
(2, 7297, 'XEROX', 'Phaser 8560N', '2012-12-17 10:25:53'),
(2, 7782, 'XEROX', '7750DN', '2012-12-17 10:25:53'),
(2, 8239, 'DELL', 'Laser Printer 5310n', '2012-12-17 10:25:43'),
(2, 8398, 'GESTETNER', '3532/4235g', '2012-12-17 10:25:43'),
(2, 8410, 'GESTETNER', '6002', '2012-12-17 10:25:43'),
(2, 8470, 'GESTETNER', 'DSc224', '2012-12-17 10:25:43'),
(2, 8496, 'GESTETNER', 'DSm415', '2012-12-17 10:25:43'),
(2, 8512, 'GESTETNER', 'DSm645/645G', '2012-12-17 10:25:43'),
(2, 8522, 'GESTETNER', 'DSm725', '2012-12-17 10:25:43'),
(2, 8526, 'GESTETNER', 'DSm735/735G', '2012-12-17 10:25:43'),
(2, 8592, 'GESTETNER', 'MPC3000/DSc530', '2012-12-17 10:25:43'),
(2, 9418, 'KYOCERA-MITA', 'KM-3050', '2012-12-17 10:25:46'),
(2, 9571, 'KYOCERA', 'FS-1370DN', '2012-12-17 10:25:46'),
(2, 11097, 'SAVIN', 'C2525', '2012-12-17 10:25:51'),
(2, 11118, 'SAVIN', 'CLP350D', '2012-12-17 10:25:52'),
(2, 11177, 'SAVIN', 'CLP240D', '2012-12-17 10:25:52'),
(2, 11190, 'SAVIN', 'CLP37DN', '2012-12-17 10:25:52'),
(2, 11376, 'SAVIN', '4035e/4135eG', '2012-12-17 10:25:50'),
(2, 11418, 'RICOH', 'Aficio 4060', '2012-12-17 10:25:47'),
(2, 11532, 'RICOH', 'Aficio 8035', '2012-12-17 10:25:47'),
(2, 11544, 'SAVIN', '8045/8045g', '2012-12-17 10:25:51'),
(2, 11678, 'SAVIN', '9250', '2012-12-17 10:25:51'),
(2, 12708, 'SHARP', 'AR-M620N', '2012-12-17 10:25:53'),
(2, 13115, 'OKI DATA', 'C5150n', '2012-12-17 10:25:46'),
(2, 13152, 'RICOH', 'Aficio MP 171', '2012-12-17 10:25:47'),
(2, 13153, 'RICOH', 'Aficio MP C2051', '2012-12-17 10:25:47'),
(2, 13154, 'RICOH', 'Aficio MP C3001', '2012-12-17 10:25:47'),
(2, 13155, 'RICOH', 'Aficio MP C4501', '2012-12-17 10:25:48'),
(2, 13160, 'SAVIN', 'C5050', '2012-12-17 10:25:52'),
(2, 13162, 'SAVIN', 'C6055', '2012-12-17 10:25:52'),
(2, 13168, 'SAVIN', 'C9020', '2012-12-17 10:25:52'),
(2, 13170, 'SAVIN', 'C9130', '2012-12-17 10:25:52'),
(2, 13171, 'SAVIN', 'C9135', '2012-12-17 10:25:52'),
(2, 13244, 'SHARP', 'MX-M363N', '2012-12-17 10:25:53'),
(2, 13304, 'KONICA-MINOLTA', 'BIZHUB C452', '2012-12-17 10:25:46'),
(2, 13332, 'CANON', 'IR-ADV C5051', '2012-12-17 10:25:43'),
(2, 13333, 'HP', 'LaserJet P2035n', '2012-12-17 10:25:45'),
(2, 13355, 'SHARP', 'MX-2610N', '2012-12-17 10:25:53'),
(2, 13356, 'SHARP', 'MX-M623N', '2012-12-17 10:25:53'),
(2, 13400, 'BROTHER', 'MFC-5890CN', '2012-12-17 10:25:43'),
(2, 13602, 'GESTETNER', 'MPC2500/DSc525', '2012-12-17 10:25:43'),
(2, 13622, 'HP', 'Designjet T1100ps 44in', '2012-12-17 10:25:44'),
(2, 13661, 'HP', 'LaserJet CM1415fnw', '2012-12-17 10:25:45'),
(2, 13664, 'HP', 'LaserJet CP1525nw', '2012-12-17 10:25:45'),
(2, 13669, 'HP', 'LaserJet M1536dnf MFP', '2012-12-17 10:25:45'),
(2, 13680, 'HP', 'LaserJet Professional P1606dn', '2012-12-17 10:25:46'),
(2, 13787, 'LANIER', 'LP235N', '2012-12-17 10:25:46'),
(2, 13950, 'RICOH', 'Aficio MP 201', '2012-12-17 10:25:47'),
(2, 13951, 'RICOH', 'Aficio MP 2851', '2012-12-17 10:25:47'),
(2, 13952, 'RICOH', 'Aficio MP 3351', '2012-12-17 10:25:47'),
(2, 13953, 'RICOH', 'Aficio MP 4001', '2012-12-17 10:25:47'),
(2, 13957, 'RICOH', 'Aficio MP 8001', '2012-12-17 10:25:47'),
(2, 13968, 'RICOH', 'Aficio SP 4100NL', '2012-12-17 10:25:48'),
(2, 13969, 'RICOH', 'Aficio SP 4210N', '2012-12-17 10:25:48'),
(2, 13970, 'RICOH', 'Aficio SP 6330N', '2012-12-17 10:25:48'),
(2, 13977, 'RICOH', 'Aficio SP C821DN', '2012-12-17 10:25:50'),
(2, 14019, 'SAVIN', '2404WD', '2012-12-17 10:25:50'),
(2, 14024, 'SAVIN', '8035e', '2012-12-17 10:25:51'),
(2, 14028, 'SAVIN', '9021d', '2012-12-17 10:25:51'),
(2, 14030, 'SAVIN', '9040', '2012-12-17 10:25:51'),
(2, 14032, 'SAVIN', '9050', '2012-12-17 10:25:51'),
(2, 14033, 'SAVIN', '917', '2012-12-17 10:25:51'),
(2, 14034, 'SAVIN', '920', '2012-12-17 10:25:51'),
(2, 14035, 'SAVIN', '9228', '2012-12-17 10:25:51'),
(2, 14036, 'SAVIN', '9233', '2012-12-17 10:25:51'),
(2, 14037, 'SAVIN', '9240', '2012-12-17 10:25:51'),
(2, 14038, 'SAVIN', 'C 230', '2012-12-17 10:25:51'),
(2, 14041, 'SAVIN', 'C2828', '2012-12-17 10:25:51'),
(2, 14042, 'SAVIN', 'C3333', '2012-12-17 10:25:52'),
(2, 14043, 'SAVIN', 'C4040', '2012-12-17 10:25:52'),
(2, 14044, 'SAVIN', 'C9025', '2012-12-17 10:25:52'),
(2, 14045, 'SAVIN', 'C9065', '2012-12-17 10:25:52'),
(2, 14048, 'SAVIN', 'C9145', '2012-12-17 10:25:52'),
(2, 14050, 'SAVIN', 'MLP150DN', '2012-12-17 10:25:52'),
(2, 14052, 'SAVIN', 'MLP31nL', '2012-12-17 10:25:52'),
(2, 14067, 'SHARP', 'MX-3110N', '2012-12-17 10:25:53'),
(2, 14069, 'SHARP', 'MX-B402SC', '2012-12-17 10:25:53'),
(2, 14075, 'SHARP', 'MX-M283N', '2012-12-17 10:25:53');