INSERT INTO `pgen_master_devices` (`id`, `manufacturer_id`, `printer_model`, `toner_config_id`, `is_copier`, `is_fax`, `is_scanner`, `is_duplex`, `is_replacement_device`, `watts_power_normal`, `watts_power_idle`, `cost`, `service_cost_per_page`, `launch_date`, `date_created`, `duty_cycle`, `ppm_black`, `ppm_color`, `is_leased`, `leased_toner_yield`) VALUES
(4, 7, 'Color LaserJet CM6040f', 2, 1, 1, 1, 1, 0, NULL, 10, 8899.99, NULL, '2011-02-26 00:00:00', '2012-09-12 11:04:21', NULL, NULL, NULL, 0, NULL),
(5, 7, 'LaserJet M9050', 1, 1, 0, 1, 1, 0, NULL, 10, 10399.99, NULL, '2012-07-10 00:00:00', '2012-09-12 11:07:43', NULL, NULL, NULL, 0, NULL),
(6, 7, 'LaserJet Enterprise 500 M525dn MFP', 1, 1, 0, 1, 1, 0, NULL, 10, 1899.99, NULL, '2012-09-01 00:00:00', '2012-09-12 11:10:01', NULL, NULL, NULL, 0, NULL),
(7, 7, 'LaserJet 600 M602DN', 1, 0, 0, 0, 1, 0, NULL, 10, 1299.99, NULL, '2012-04-19 00:00:00', '2012-09-12 11:13:17', NULL, NULL, NULL, 0, NULL),
(8, 26, 'ColorQube 8870', 2, 0, 0, 0, 1, 0, NULL, 10, 2399.99, NULL, '2010-10-18 00:00:00', '2012-09-12 11:16:32', NULL, NULL, NULL, 0, NULL),
(9, 7, 'LaserJet Enterprise M4555fskm MFP', 1, 1, 1, 1, 1, 0, NULL, 10, 4699.99, NULL, '2011-04-30 00:00:00', '2012-09-12 11:18:26', NULL, NULL, NULL, 0, NULL),
(11, 27, 'FS-C2626MFP', 2, 1, 1, 1, 1, 0, NULL, 10, 2595, NULL, '2011-08-18 00:00:00', '2012-11-27 16:54:08', NULL, NULL, 28, 0, NULL),
(12, 27, 'ECOSYS FS-4300DN', 1, 0, 0, 0, 1, 0, NULL, 10, 1569, NULL, '2011-01-01 00:00:00', '2012-11-28 09:22:58', NULL, 62, NULL, 0, NULL),
(13, 27, 'TASKalfa 5500i', 1, 1, 0, 1, 1, 0, NULL, 10, 4941, NULL, '2011-01-01 00:00:00', '2012-11-28 09:52:29', NULL, 55, NULL, 0, NULL),
(14, 27, 'TASKalfa 6550ci', 2, 1, 0, 1, 1, 0, NULL, 10, 14500, NULL, '2011-01-01 00:00:00', '2012-11-28 10:03:46', NULL, 65, 65, 0, NULL);

INSERT INTO `pgen_toners` (`id`, `sku`, `cost`, `yield`, `partTypeId`, `manufacturerId`, `tonerColorId`) VALUES
(15, '444670', 339.99, 21000, 1, 7, 2),
(16, '444705', 339.99, 21000, 1, 7, 3),
(17, '444690', 339.99, 21000, 1, 7, 4),
(18, '395025', 59.99, 19500, 1, 7, 1),
(19, '743161', 289.99, 30000, 1, 7, 1),
(20, '164107', 159.99, 30000, 2, 3, 1),
(21, '554553', 219.99, 12500, 1, 7, 1),
(22, '646593', 279.99, 24000, 1, 7, 1),
(23, 'S7938358', 89.99, 17300, 1, 26, 2),
(24, 'S7938359', 89.99, 17300, 1, 26, 3),
(25, 'S7938360', 89.99, 17300, 1, 26, 4),
(26, 'S7938361', 259.99, 16700, 1, 26, 1),
(27, '1T02KV0US0', 80, 7000, 1, 27, 1),
(28, '1T02KVAUS0', 80, 5000, 1, 27, 4),
(29, '1T02KVBUS0', 80, 5000, 1, 27, 3),
(30, '1T02KVCUS0', 80, 5000, 1, 27, 2),
(34, '1T02LV0US0', 78, 25000, 1, 27, 1),
(35, '1T02LH0US1', 107.77, 35000, 1, 27, 1),
(36, '1T02K90US0', 183.21, 70000, 1, 27, 1),
(37, '1T02K9CUS0', 132.08, 30000, 1, 27, 2),
(38, '1T02K9BUS0', 132.08, 30000, 1, 27, 3),
(39, '1T02K9AUS0', 132.08, 30000, 1, 27, 4);

INSERT INTO `pgen_device_toners` (`toner_id`, `master_device_id`) VALUES
(15, 4),
(16, 4),
(17, 4),
(18, 4),
(19, 5),
(20, 5),
(21, 6),
(22, 7),
(23, 8),
(24, 8),
(25, 8),
(26, 8),
(22, 9),
(34, 12),
(35, 13),
(36, 14),
(37, 14),
(38, 14),
(39, 14);

INSERT INTO `pgen_replacement_devices` (`master_device_id`, `replacement_category`, `print_speed`, `resolution`, `monthly_rate`) VALUES
(4, 'COLOR MFP', 1, 1, 249),
(5, 'BLACK & WHITE', 1, 1, 49.99),
(6, 'BLACK & WHITE MFP', 1, 1, 99),
(7, 'COLOR', 1, 1, 149.99);