INSERT INTO `pgen_master_devices` (`id`, `manufacturer_id`, `printer_model`, `toner_config_id`, `is_copier`, `is_fax`, `is_scanner`, `is_duplex`, `is_replacement_device`, `watts_power_normal`, `watts_power_idle`, `cost`, `service_cost_per_page`, `launch_date`, `date_created`, `duty_cycle`, `ppm_black`, `ppm_color`, `is_leased`, `leased_toner_yield`) VALUES
(4, 7, 'Color LaserJet CM6040f', 2, 1, 1, 1, 1, 0, NULL, 10, 7683.54, NULL, '2011-02-26 00:00:00', '2012-09-12 11:04:21', NULL, NULL, NULL, 0, NULL),
(5, 7, 'LaserJet M9050', 1, 1, 0, 1, 1, 0, NULL, 10, 8970.12, NULL, '2012-07-10 00:00:00', '2012-09-12 11:07:43', NULL, NULL, NULL, 0, NULL),
(6, 7, 'LaserJet Enterprise 500 M525dn MFP', 1, 1, 0, 1, 1, 0, NULL, 10, 1572.91, NULL, '2012-09-01 00:00:00', '2012-09-12 11:10:01', NULL, NULL, NULL, 0, NULL),
(7, 7, 'LaserJet 600 M602DN', 1, 0, 0, 0, 1, 0, NULL, 10, 1116.89, NULL, '2012-04-19 00:00:00', '2012-09-12 11:13:17', NULL, NULL, NULL, 0, NULL),
(8, 26, 'ColorQube 8870', 2, 0, 0, 0, 1, 0, NULL, 10, 2010.06, NULL, '2010-10-18 00:00:00', '2012-09-12 11:16:32', NULL, NULL, NULL, 0, NULL),
(9, 7, 'LaserJet Enterprise M4555fskm MFP', 1, 1, 1, 1, 1, 0, NULL, 10, 4057.56, NULL, '2011-04-30 00:00:00', '2012-09-12 11:18:26', NULL, NULL, NULL, 0, NULL),
(10, 7, 'LaserJet P3005n (reman)', 1, 0, 0, 0, 0, 0, NULL, 10, 375, NULL, '2006-09-01 00:00:00', '2012-09-21 14:52:18', NULL, NULL, NULL, 0, NULL),
(11, 7, 'LaserJet P3005dn (reman)', 1, 0, 0, 0, 1, 0, NULL, 10, 455, NULL, '2006-09-01 00:00:00', '2012-09-21 14:58:46', NULL, NULL, NULL, 0, NULL),
(12, 21, '25ppm MultiXpress Printer', 2, 1, 0, 1, 1, 0, NULL, 10, 10802, NULL, '2011-02-01 00:00:00', '2012-09-24 09:59:38', NULL, NULL, NULL, 0, NULL),
(13, 7, 'LaserJet 4345x MFP (reman)', 1, 1, 1, 1, 1, 0, 790, 15, 1146.65, NULL, '2004-11-09 00:00:00', '2012-09-28 09:50:39', NULL, 45, NULL, 0, NULL),
(14, 7, 'Color LaserJet 4730x MFP (reman)', 2, 1, 1, 1, 1, 0, 615, 83, 2549.15, NULL, '2005-09-10 00:00:00', '2012-09-28 10:01:22', NULL, 31, 31, 0, NULL),
(15, 7, 'LaserJet P4015n (reman)', 1, 0, 0, 0, 0, 0, 910, 12, 594.15, NULL, '2008-04-25 00:00:00', '2012-09-28 11:25:57', NULL, 52, NULL, 0, NULL),
(16, 7, 'LaserJet 4200n (reman)', 1, 0, 0, 0, 0, 0, 580, 25, 318.75, NULL, '2002-11-12 00:00:00', '2012-09-28 16:38:38', NULL, 35, NULL, 0, NULL),
(17, 7, 'LaserJet 4100n (reman)', 1, 0, 0, 0, 0, 0, 450, 17, 216.75, NULL, '2001-03-30 00:00:00', '2012-09-28 16:50:48', NULL, 24, NULL, 0, NULL),
(18, 7, 'Color LaserJet 4700n', 2, 0, 0, 0, 1, 0, NULL, 10, 739.15, NULL, '2005-12-01 00:00:00', '2012-10-10 10:51:19', NULL, NULL, NULL, 0, NULL);

INSERT INTO `pgen_toners` (`id`, `sku`, `cost`, `yield`, `part_type_id`, `manufacturer_id`, `toner_color_id`) VALUES
(15, '444670', 290.25, 21000, 1, 7, 2),
(16, '444705', 290.29, 21000, 1, 7, 3),
(17, '444690', 290.26, 21000, 1, 7, 4),
(18, '395025', 49.05, 19500, 1, 7, 1),
(19, '743161', 244.67, 30000, 1, 7, 1),
(20, '164107', 133.57, 30000, 2, 3, 1),
(21, '554553', 186.28, 12500, 1, 7, 1),
(22, '646593', 237.11, 24000, 1, 7, 1),
(23, 'S7938358', 77.31, 17300, 1, 26, 2),
(24, 'S7938359', 77.31, 17300, 1, 26, 3),
(25, 'S7938360', 77.31, 17300, 1, 26, 4),
(26, 'S7938361', 222.25, 16700, 1, 26, 1),
(27, 'Q7551A', 129.99, 6500, 1, 7, 1),
(28, 'Q7551X', 219.99, 13000, 1, 7, 1),
(29, '614445', 69.99, 13000, 2, 3, 1),
(30, 'CLT-M607S', 135.5, 15000, 1, 21, 3),
(31, 'CLT-C607S', 135.5, 15000, 1, 21, 2),
(32, 'CLT-Y607S', 135.5, 15000, 1, 21, 4),
(33, 'CLT-K606S ', 71.95, 25000, 1, 21, 1),
(34, 'Q5945A', 180.68, 18000, 1, 7, 1),
(35, '229924', 65.63, 18000, 2, 3, 1),
(36, '230113', 112.29, 12000, 2, 3, 1),
(37, 'Q6460A', 131.99, 12000, 1, 7, 1),
(38, 'Q6461A', 284.43, 12000, 1, 7, 2),
(39, 'Q6463A', 284.43, 12000, 1, 7, 3),
(40, 'Q6462A', 284.43, 12000, 1, 7, 4),
(41, '0666', 40, 30000, 2, 3, 1),
(42, 'CC364A', 145.67, 10000, 1, 7, 1),
(43, '229987', 90.29, 10000, 2, 3, 1),
(44, 'Q1338A', 136.46, 12000, 1, 7, 1),
(45, '164017', 54.86, 12000, 2, 3, 1),
(46, 'C8061A', 88.28, 6000, 1, 7, 1),
(47, '915337', 34.44, 6000, 2, 3, 1),
(48, '718716', 81.62, 11000, 2, 3, 1),
(49, '718730', 84.45, 10000, 2, 3, 2),
(50, '718737', 84.45, 10000, 2, 3, 3),
(51, '718758', 84.45, 10000, 2, 3, 4);

INSERT INTO `pgen_device_toners` (`toner_id`, `master_device_id`) VALUES
(15, 4),
(16, 4),
(17, 4),
(18, 4),
(19, 5),
(20, 5),
(21, 6),
(22, 7),
(23, 8),
(24, 8),
(25, 8),
(26, 8),
(22, 9),
(27, 10),
(28, 10),
(29, 10),
(27, 11),
(28, 11),
(29, 11),
(30, 12),
(31, 12),
(32, 12),
(33, 12),
(34, 13),
(35, 13),
(36, 14),
(37, 14),
(38, 14),
(39, 14),
(40, 14),
(42, 15),
(43, 15),
(44, 16),
(45, 16),
(46, 17),
(47, 17),
(39, 18),
(40, 18),
(48, 18),
(49, 18),
(50, 18),
(51, 18);