INSERT INTO `clients` (`id`, `accountNumber`, `companyName`,`legalName`) VALUES
(1, '0000001', 'Tangent MTW', 'Tangent MTW Incorporated'),
(2, '0000002', 'Starbucks', 'Starbucks'),
(3, '0000003', 'Novellis', 'Novellis co-operatives'),
(4, '0000004', 'Samsung', 'Samsung Incorporated');

INSERT INTO `contacts` (`id`,`clientId`, `firstName`, `lastName`,`countryCode`,`areaCode`,`exchangeCode`,`number`,`extension`) VALUES
(1,1, 'Norm', 'McConkey', 1,613,507,5151,null),
(2,2, 'Tyson', 'Riehl', 1,613,333,4444,null),
(3,3, 'Shawn', 'Wilder', 1,613,666,6666,null),
(4,4, 'Lee', 'Robert', 1,613,123,1234,null);

INSERT INTO `addresses` (`id`, `clientId`, `addressLine1`, `addressline2`,`city`,`region`,`postCode`,`countryId`) VALUES
(1,1, '945 Princess Street','Suite 234','Kingston','9','K7L3N6',1),
(2,2, 'Tyson Avenue','','Kingston','9','k7n2s1',1),
(3,3, 'Shawn Lane','','Kingston','9','k2h7s6',1),
(4,4, 'Lee Street','','Kingston','9','k1b2s7',1);

INSERT INTO `qgen_categories` (`id`, `name`, `description`) VALUES
(5, 'Paper Handling', 'Paper Handling'),
(6, 'Connectivity and Memory', 'Connectivity and Memory'),
(7, 'Stand', 'Stand');

INSERT INTO `qgen_options` (`id`, `name`, `description`, `cost`, `dealerSku`, `oemSku`) VALUES
(7, 'HP 3-bin Stapler/Stacker with Output', 'Staples up to 50 pages and stacks up to 1600 sheets', 2099.99, '', 'CC517A'),
(8, 'HP LaserJet MFP 3000-sheet Stapler/Stacker', 'Stacks up to 3000 sheets', 1999.99, '', 'C8085A'),
(9, 'Cart, W/Storage Capacity', 'Printer Cart with Storage Capacity', 299.99, '', '097S03636'),
(10, 'HP Booklet Maker/Finisher with Output', 'Capacity of 2000 sheets and 25 saddle-stitched booklets', 3199.99, '', 'CC516A'),
(11, 'HP LaserJet MFP Multifunction Finisher', 'Supports up to 50 pages per minute, can staple up to 50 sheets', 2399.99, '', 'C8088B'),
(12, 'Productivity Kit (Includes Hard Drive)', 'Expands workflow options for Xerox equipment', 499.99, '', '097S04141'),
(13, 'HP LaserJet MFP Analog Fax Accessory 300', 'Support efficient information sharing and improve work team productivity.', 299.99, '', 'Q3701A'),
(14, '525 Sheet Feeder, Adjustable Up To Legal', 'Capacity of 525 sheets, can support legal paper', 299.99, '', '097S04142'),
(15, '8-Bin Mailbox', 'Stacks up to 250 pages per bin', 1499.99, '', 'Q5693A'),
(16, 'Tray, Main, 525 Sheets', 'Capacity of 525 sheets', 199.99, '', '097S04143'),
(17, '3,000-sheet Stacker', 'Capacity of 3000 sheets', 1799.99, '', 'C8084A'),
(18, 'Kyocera SD-144-512(A)', '512MB Memory', 349, '', '855D200295'),
(19, 'Kyocera SD-144-1(A)', '1GB Memory', 499, '', '855D200296'),
(20, 'Kyocera CF-4G', '4GB Compact Flash Memory Card\r\n(Must be installed when using HyPAS applications)', 45, '', '855D200615'),
(21, 'Kyocera Card Reader Holder D', 'Card Reader Attachment', 49.95, '', '1702M90UN0'),
(22, 'Kyocera Stand', 'Copier Stand', 245, '', '855D200608'),
(23, 'Kyocera PF-520', 'Paper Drawer - 500 sheets', 309, '', '1203NA2US0'),
(24, 'Kyocera PF-530', 'Paper Drawer - 500 sheets - Multipurpose', 415, '', '1203M92US0'),
(25, 'Kyocera PF-320', '500 sheets optional paper feed cassette', 163, '', '1203NY7US0'),
(26, 'Kyocera PF-315+', '2,000 sheets optional large capacity paper feed unit\r\n* Must also choose Kyocera PB-325 Base Unit', 489, '', '1203KF0KL1'),
(27, 'Kyocera IB-32', 'IEEE 1284 compliant NIC', 73, '', '1503N50UN0'),
(28, 'Kyocera IB-51', 'Wireless LAN NIC', 385, '', '1505J50UN0'),
(29, 'Kyocera IB-50', 'Gigabit Ether Net Board', 265, '', '1505JV0UN0'),
(30, 'Kyocera HD-6', 'SSD Memory Storage Device', 274, '', '1505J40UN0'),
(31, 'Kyocera UG-33', 'Upgrade Kit for Thin Print Support', 92, '', '1503NT0UN0'),
(32, 'Kyocera Data Security Kit (E)', 'Hard Drive Encryption/Overwrite Kit', 348, '', '855D200600'),
(33, 'Kyocera SDHC Card-32G', 'SD Card Memory for storage, 32GB', 66, '', '855D200648'),
(34, 'Kyocera SDHC Card-16G', 'SD Card Memory for storage, 16GB', 27, '', '855D200647'),
(35, 'Kyocera PB-325', 'Base unit for FS-4300DN/4200DN/4100DN/2100DN\r\nwith PF-315+', 179, '', '1903N10UN0'),
(36, 'Kyocera PT-320', 'Face-up rear output tray, 250 sheets\r\nfor FS-4300DN/4200DN/4100DN', 33, '', '1203N70UN0'),
(37, 'Kyocera DP-771', '175 sheet Dual Scan Document Processor', 1080, '', '1203NW6US0'),
(38, 'Kyocera DP-770', '100 sheet Reversing Automatic Document Processor', 851, '', '1203NV6US0'),
(39, 'Kyocera DF-770(B)*', '1,000 sheets Finisher\r\n* Requires AK-730 Attachment Kit', 924, '', '1203NC2US1'),
(40, 'Kyocera DF-790(B)*', '4,000 sheets Finisher\r\n* Requires AK-730 Attachment Kit', 1500, '', '1203NB2US1'),
(41, 'Kyocera BF-730', 'Booklet and Tri Folding Unit for DF-790(B)', 900, '', '1203ND0UN0'),
(42, 'Kyocera MT-730', '7 Bin Mailbox for 4,000 Sheet Finisher', 600, '', '1203N00UN0'),
(43, 'Kyocera PH-7A', '2/3 Hole Punch Unit for DF-770(B)/790(B)', 402, '', '1203NK2US0'),
(44, 'Kyocera JS-731', 'Outer Job Separator', 114, '', '1203NM0UN0'),
(45, 'Kyocera JS-732**', 'Inner Job Separator\r\n** Cannot install with DF-790(B) or DF-770(B) finishers', 122.6, '', '1203N80UN0'),
(46, 'Kyocera PF-770', '3,000 Sheet Side Large Capacity Tray - Letter', 851, '', '1203NG7US0'),
(47, 'Kyocera PF-730', 'Dual 500 Sheet Paper Trays', 773, '', '1203NJ7US0'),
(48, 'Kyocera PF-740', 'Dual 1,500 Sheet Paper Trays', 828, '', '1203NF7US0'),
(49, 'Kyocera Fax System(V)', 'Fax Board', 693, '', '1505JT2US0'),
(50, 'Kyocera Internet FAX Kit (A)*', 'Internet FAX Kit\r\n* Requires Fax System(V)', 180, '', '1703MC0UN0'),
(51, 'Kyocera Printed Document Guard Kit (A)', 'Printed Document Guard', 693, '', '1703L90UN0'),
(52, 'Kyocera Keyboard Holder (A)', 'Keyboard Tray Kit', 68, '', '1709AF0UN0'),
(53, 'Kyocera UG-34', 'Optional Printer Emulation for IBM Prorinter, Epson LQ-850, Diabro 630', 336, '', '855D200604'),
(54, 'Kyocera Banner Guide(A)', 'MPT Guide attachment to assist the feeding of banner paper.', 186, '', '1202K90UN0'),
(55, 'Kyocera Card Reader Holder(B)', 'HID Card Reader Holder for Card Authentication Kit(B)', 53, '', '1709AD0UN0'),
(56, 'Kyocera MM-16-128', 'Additional Fax Memory Board', 120, '', '1503MB0UN0'),
(57, 'Kyocera AK-730', 'Attachment Kit for DF-770(B)/790(B)', 96, '', '1703NB0UN0'),
(58, 'Kyocera Stand', 'Copier Stand', 214, '', '855D200605'),
(59, 'Kyocera DT-730', 'Original Hard Copy Holder', 27, '', '1902LC0UN1'),
(60, 'Kyocera Platen Cover Type E', 'Platen Cover', 71, '', '1202H70UN0'),
(61, 'Kyocera PF-780', '500 Sheet Side Multi-Media Tray', 501, '', '1203NL7US0'),
(62, 'Kyocera Printing System (12)***', 'EFI FIERY Controller for TASkalfa 6550ci/7550ci with Spot-On\r\n*** Requires Printing System Interface Kit (A)', 4352, '', '1503NR0KL1'),
(63, 'Kyocera Printing System Interface Kit (A)', 'Interface kit for Printing System(12), includes mounting kit and circuit board', 450, '', '1503NR0KL2'),
(64, 'Kyocera Copy Tray(D)', 'Copy Tray', 27, '', '1902LF0UN1');

INSERT INTO `qgen_option_categories` (`categoryId`, `optionId`) VALUES
(6, 18),
(6, 19),
(6, 20),
(6, 21),
(7, 22),
(5, 23),
(5, 24),
(5, 25),
(5, 26),
(6, 27),
(6, 28),
(6, 29),
(6, 30),
(6, 31),
(6, 32),
(6, 33),
(6, 34),
(7, 35),
(5, 37),
(5, 38),
(5, 39),
(5, 40),
(5, 41),
(5, 42),
(5, 43),
(5, 44),
(5, 45),
(5, 46),
(5, 47),
(5, 48),
(6, 49),
(6, 50),
(6, 51),
(6, 52),
(6, 53),
(6, 54),
(6, 55),
(6, 56),
(7, 58),
(5, 61),
(6, 62),
(6, 63);

INSERT INTO `qgen_devices` (`masterDeviceId`, `dealerSku`, `oemSku`, `description`) VALUES
(4, '', 'Q3939A', '- Fax accessory'),
(5, '', 'CC395A', ''),
(6, '', 'CF116A', ''),
(7, '', 'CE992A', ''),
(8, '', '8870/DN', ''),
(9, '', 'CE504A', ''),
(11, '', '1102M92US0', 'Standard: 4-in-1, Copy, Scan, Network Print, Fax\r\nDocument Processor (Reversing 50 sheets), Duplex, 1GB RAM'),
(12, '', '1102LV2US0', '62ppm A4 Monochrome Printer\r\nStd. Duplex, Ethernet Network, 256MB RAM'),
(13, NULL, '1102LH2US0', '55 PPM A3 B&W MFP'),
(14, NULL, '1102LB2US0', '65/65 PPM A3 Color MFP');

INSERT INTO `qgen_device_options` (`masterDeviceId`, `optionId`, `includedQuantity`) VALUES
(4, 7, 0),
(4, 10, 0),
(5, 8, 0),
(5, 11, 0),
(5, 13, 0),
(5, 15, 0),
(5, 17, 0),
(8, 9, 0),
(8, 12, 0),
(8, 14, 0),
(8, 16, 0),
(11, 18, 0),
(11, 19, 0),
(11, 20, 0),
(11, 21, 0),
(11, 22, 0),
(11, 23, 0),
(11, 24, 0),
(12, 18, 0),
(12, 19, 0),
(12, 25, 0),
(12, 26, 0),
(12, 27, 0),
(12, 28, 0),
(12, 29, 0),
(12, 30, 0),
(12, 31, 0),
(12, 32, 0),
(12, 33, 0),
(12, 34, 0),
(12, 35, 0),
(12, 36, 0),
(13, 29, 0),
(13, 32, 0),
(13, 37, 0),
(13, 38, 0),
(13, 39, 0),
(13, 40, 0),
(13, 41, 0),
(13, 42, 0),
(13, 43, 0),
(13, 44, 0),
(13, 45, 0),
(13, 46, 0),
(13, 47, 0),
(13, 48, 0),
(13, 49, 0),
(13, 50, 0),
(13, 51, 0),
(13, 52, 0),
(13, 53, 0),
(13, 54, 0),
(13, 55, 0),
(13, 56, 0),
(13, 57, 0),
(13, 58, 0),
(13, 59, 0),
(13, 60, 0),
(14, 32, 0),
(14, 40, 0),
(14, 41, 0),
(14, 42, 0),
(14, 43, 0),
(14, 44, 0),
(14, 46, 0),
(14, 47, 0),
(14, 48, 0),
(14, 49, 0),
(14, 50, 0),
(14, 51, 0),
(14, 52, 0),
(14, 53, 0),
(14, 54, 0),
(14, 55, 0),
(14, 56, 0),
(14, 61, 0),
(14, 62, 0),
(14, 63, 0),
(14, 64, 0);

INSERT INTO `qgen_device_configurations` (`id`, `masterDeviceId`, `name`, `description`) VALUES
(1, 4, 'Jays build', '6040 w booklet maker'),
(2, 4, 'bobs fav', 'yaya'),
(3, 8, 'GALC', 'Cart Productivity Kit');


INSERT INTO `qgen_device_configuration_options` (`deviceConfigurationId`, `optionId`, `quantity`) VALUES
(1, 10, 1),
(2, 7, 2),
(2, 10, 1),
(3, 9, 1),
(3, 12, 1);