,Account Name,Office Depot USA,,,,,,,,,,,,,
,Create Date,Dec 21 2012,,,,,,,,,,,,,
,,,,,,,,,,,,,,,
,,,,,,,,,,,,,,,
Ignore,Tag,Make,Model,Serial Number,IP Address,MAC Address,Location,Meter Date 1,Total Meter 1,BW Meter 1,Color Meter 1,Meter Date 2,Total Meter 2,BW Meter 2,Color Meter 2
,4C3D10C9,Hewlett-Packard,LaserJet P3005,CND1S60750,10.41.17.7,00-1E-0B-19-A4-06, ,Dec 20 2012,587,617,,Dec 17 2012,329,358,
,42D619E2,Hewlett-Packard,LaserJet P3005,CND1R34223,10.64.11.17,00-18-FE-A1-EA-D2, ,Dec 20 2012,49120,47472,,Dec 18 2012,49046,47398,
,986DD08C,Hewlett-Packard,LaserJet P3005,CND1R75834,10.64.11.19,00-18-FE-A6-07-EC, ,Dec 20 2012,77796,76619,,Dec 18 2012,77793,76616,
,51740CA9,Hewlett-Packard,LaserJet P3005,CNR1N20398,10.64.11.22,00-23-7D-7C-8F-30, ,Dec 20 2012,941,941,,Dec 18 2012,941,941,
,81D95E82,Hewlett-Packard,LaserJet P3005,CNJ2R13637,10.64.11.20,1C-C1-DE-13-2B-AE, ,Dec 20 2012,92391,80974,,Dec 19 2012,92388,80971,
,CFDB968B,Hewlett-Packard,LaserJet P3005,CNG2R03079,10.64.11.16,00-1F-29-22-A7-7E, ,Dec 20 2012,64765,64542,,Dec 19 2012,64765,64542,
,319ECF87,Hewlett-Packard,LaserJet P3005,CNG2R15711,10.64.9.22,00-14-38-E3-18-20, ,Dec 20 2012,1521,35674,,Nov 20 2012,10,34163,
,9F23DED4,Hewlett-Packard,LaserJet P3005,CND1S35566,10.64.9.20,00-18-FE-A1-9C-04, ,Dec 20 2012,1149,115341,,Nov 20 2012,10,114202,
,8ADB30AB,Hewlett-Packard,LaserJet P3005,CNJ2R14477,10.64.9.19,00-1F-29-22-6B-B6, ,Dec 20 2012,707,173812,,Nov 20 2012,21,173126,
,ED9164DF,Hewlett-Packard,LaserJet P3005,CND1R54984,10.64.9.18,00-1A-4B-20-50-37, ,Dec 20 2012,6614,6581,,Nov 20 2012,4864,4831,
,4A8D7A51,Hewlett-Packard,LaserJet P3005,CNJ1N25675,10.64.9.16,00-1B-78-24-3E-52, ,Dec 20 2012,219036,214696,,Nov 20 2012,216906,212576,
,CE6F91F7,Hewlett-Packard,LaserJet P3010 Series,VNB3106246,10.64.9.21,80-C1-6E-96-52-FD, ,Dec 20 2012,12,12,,Nov 23 2012,2,2,
,1DE269A0,Hewlett-Packard,LaserJet P3005,CNJ1P30587,10.64.9.17,00-23-7D-85-7B-E1, ,Dec 20 2012,48892,48882,,Nov 20 2012,47950,47940,
,1BA85114,Ricoh,Aficio MP 2352,W411LC00647,10.64.9.38,00-26-73-32-2A-02, ,Dec 20 2012,1809,1690,,Nov 23 2012,24,21,
,74391DFA,Hewlett-Packard,LaserJet 400 M401 PCL 6,,,, ,Nov 23 2012,12651,,,,,,
,C935CF7C,Hewlett-Packard,LaserJet M1319f MFP,,,, ,Nov 23 2012,116143,,,,,,
,9BC38EBE,Hewlett-Packard,LaserJet 1200 Series,,,, ,,,,,,,,
,40823B06,Hewlett-Packard,LaserJet P2035,,,, ,Nov 23 2012,22752,,,,,,
,BAFBD2ED,Hewlett-Packard,LaserJet M1530 MFP Series PCL 6,,,, ,Nov 26 2012,4828,,,,,,
,0D4D8CE6,Hewlett-Packard,Laserjet P2035N,,,, ,Nov 26 2012,38347,,,,,,
,B3E0501E,Hewlett-Packard,LaserJet P3005,CNJ1X08006,10.41.17.8,00-1E-0B-19-E1-F8, ,Dec 8 2012,0,8123,,Nov 27 2012,4827,8027,
,9E1869F8,Hewlett-Packard,LaserJet 1300,CNCB995729,,, ,Nov 27 2012,98286,,,,,,
,02AC5DDD,Hewlett-Packard,LaserJet 4250,CNRXB88643,10.64.18.16,00-17-08-8B-7B-AA, ,Dec 20 2012,2539,213059,,Nov 28 2012,2530,213050,
,A7CFB777,Hewlett-Packard,LaserJet P2050 Series,CNBJ550014,,, ,Nov 29 2012,9554,,,,,,
,717206C2,Hewlett-Packard,LaserJet P3005,CNG1X15701,10.64.21.16,00-21-5A-7A-8C-CC, ,Dec 20 2012,12628,12628,,Nov 30 2012,12468,12468,
,B8F0D201,Hewlett-Packard,LaserJet P1505,,,, ,,,,,,,,
,4A5A8A27,Ricoh,Aficio MP 161,M0169500792,10.41.248.15,00-00-74-B3-46-D9, ,Dec 20 2012,57165,21247,,Dec 3 2012,56879,20961,
,6F5731D6,Hewlett-Packard,LaserJet P3005,CND1S60750,10.41.17.7,00-1E-0B-19-D4-61, ,Dec 10 2012,0,8730,,Dec 5 2012,484,8386,
,2766ECF7,Hewlett-Packard,LaserJet 400 M401 PCL 6,,,, ,,,,,,,,
,C855C1BB,Hewlett-Packard,LaserJet P3005,CND1S10714,10.64.11.18,00-17-A4-93-CF-B9, ,Dec 20 2012,74,35935,,Dec 6 2012,0,35861,
,815FEB00,Hewlett-Packard,LaserJet P2035,,,, ,Dec 10 2012,9525,,,,,,
,376E1223,Hewlett-Packard,LaserJet P3005,CND1S60750,10.41.17.7,00-1F-29-22-0A-32, ,Dec 16 2012,13007,12987,,Dec 10 2012,12688,12676,
,84888DE6,Hewlett-Packard,LaserJet P3005,JPRFC17369,10.41.17.8,00-23-7D-86-AA-CC, ,Dec 10 2012,8852,8844,,,,,
,51E88231,Hewlett-Packard,LaserJet 2300 series,CNBDC65572,10.30.41.110,00-11-0A-B9-E7-1C, ,Dec 20 2012,149526,,,Dec 11 2012,149077,,
,F0DA6F16,Hewlett-Packard,LaserJet P3005,JPRFC17369,10.41.17.8,00-1F-29-1F-05-04, ,Dec 20 2012,393,703,,Dec 11 2012,244,554,
,5E357BC4,Hewlett-Packard,LaserJet 4250,CNRXS04768,10.64.19.19,00-18-FE-A7-3A-3C, ,Dec 20 2012,38788,38788,,Dec 12 2012,38600,38600,
,EEE3FB11,Hewlett-Packard,LaserJet 4250,CNGXC52965,10.64.19.18,00-11-0A-BD-E6-4A, ,Dec 20 2012,6112,8752,,Dec 12 2012,6100,8740,
,0A61E8CB,Hewlett-Packard,LaserJet 4250,CNRXL95925,10.64.19.20,00-1A-4B-30-22-23, ,Dec 20 2012,40866,161226,,Dec 12 2012,40490,160850,
,19CF4A49,Hewlett-Packard,LaserJet P3010 Series,VNBCC7C70N,10.64.19.21,3C-D9-2B-0F-E2-0B, ,Dec 20 2012,492,492,,Dec 12 2012,470,470,
,9A954D08,Hewlett-Packard,LaserJet 4250,CNDXJ09603,10.64.19.17,00-1B-78-F1-D5-0A, ,Dec 20 2012,6057,6057,,Dec 12 2012,6052,6052,
,F9D93A52,Hewlett-Packard,LaserJet P3005,CNJ1P30862,10.64.11.21,00-18-FE-A3-B9-7C, ,Dec 20 2012,192891,192851,,Dec 13 2012,192820,192780,
,E7462603,Ricoh,Aficio MP 6000,M9295300180,10.0.36.13,00-00-74-E6-DB-CC, ,Dec 20 2012,162348,162348,,Sep 26 2012,145095,145095,
,C0B826F4,Ricoh,Aficio MP 6001,V6925300343,10.30.43.67,00-26-73-43-A4-D6, ,Dec 20 2012,90629,89602,,Sep 26 2012,29426,29423,
,CD2655FB,Ricoh,Aficio MP 6001,V6905700569,10.0.36.20,00-26-73-15-54-82, ,Dec 20 2012,170279,170279,,Sep 26 2012,124738,124738,
,28ABE67D,Hewlett-Packard,Color LaserJet CP4520/CP4525 Series,JPBCC1254W,10.0.36.23,3C-4A-92-45-07-DE, ,Dec 20 2012,109689,30338,79351,Sep 26 2012,88958,22390,66568
,632F87F1,Hewlett-Packard,LaserJet P3010 Series,VNBCC711L5,10.30.44.97,78-E3-B5-FC-D1-B8, ,Dec 20 2012,16689,16689,,Sep 26 2012,13604,13604,
,07FEB7AA,Hewlett-Packard,LaserJet P4015,CNDY805075,10.30.43.9,00-23-7D-89-BA-DD, ,Dec 20 2012,3070,3040,,Sep 26 2012,3047,3047,
,1D631166,Epson,Artisan 830,,10.0.36.21,00-26-AB-C2-03-26, ,Dec 20 2012,0,,,Sep 26 2012,0,,
,1ECB413B,Ricoh,Aficio MP 2352,W412L400248,10.64.21.22,00-26-73-3C-93-8E, ,Dec 17 2012,4368,3418,,Sep 26 2012,2884,2313,
,4E5D986B,Hewlett-Packard,LaserJet 2420,CNGJF30890,10.30.34.175,00-14-38-D3-F2-10, ,Dec 20 2012,117908,117749,,Sep 26 2012,111922,111922,
,35202EB0,Hewlett-Packard,LaserJet 2420,CNGKM07088,10.30.34.143,00-14-38-D2-6B-D7, ,Dec 20 2012,170790,170759,,Sep 26 2012,164790,164790,
,6395034B,Hewlett-Packard,LaserJet 2200,CNGRH20456,10.30.34.144,00-01-E6-3B-00-D3, ,Dec 20 2012,301857,,,Sep 26 2012,295207,,
,BC790544,Hewlett-Packard,LaserJet 2420,CNGKK78975,10.30.37.17,00-14-38-8A-30-FE, ,Dec 20 2012,98174,98170,,Sep 26 2012,94354,94354,
,33E93B53,Hewlett-Packard,LaserJet 2420,CNGJF30886,10.30.34.111,00-14-38-D3-95-DA, ,Dec 20 2012,116256,116226,,Sep 26 2012,107631,107631,
,908B18BF,Hewlett-Packard,LaserJet 2420,CNGJD28910,10.30.34.241,00-14-38-D2-6C-A5, ,Dec 20 2012,67009,67007,,Sep 26 2012,64468,64468,
,85553124,Hewlett-Packard,LaserJet 4350,CNDXC00937,10.30.37.178,00-12-79-DF-8D-67, ,Dec 20 2012,194339,194339,,Sep 26 2012,188278,188278,
,0D54B76F,Ricoh,Aficio MP 2352,W412L700440,10.30.37.175,00-26-73-43-6F-CC, ,Dec 20 2012,2568,2025,,Sep 26 2012,445,320,
,261B0995,Hewlett-Packard,LaserJet 2420,CNGJD40535,10.64.21.17,00-14-38-D5-EA-FE, ,Dec 20 2012,100932,100857,,Sep 26 2012,95956,95956,
,72BE5158,Ricoh,Aficio MP 2550B,M6415800206,10.30.34.190,00-26-73-31-90-C3, ,Dec 20 2012,14712,11577,,Sep 26 2012,12449,9870,
,4322D1DC,Hewlett-Packard,LaserJet 2420,CNGJF30286,10.30.33.81,00-1B-78-F3-4E-2E, ,Dec 20 2012,150399,150373,,Sep 26 2012,143253,143253,
,5B0E65A3,Ricoh,Aficio MP 8001,V7125100485,10.30.45.214,00-26-73-43-95-D0, ,Dec 20 2012,233185,233185,,Sep 26 2012,162866,162866,
,405BD129,Dell,1720dn Laser Printer,6222YK27013,10.30.45.82,00-04-00-AE-87-E5, ,Dec 20 2012,29692,,,Sep 26 2012,28248,,
,D29DDEDE,Hewlett-Packard,LaserJet P3005,CND1R23365,10.30.35.244,00-17-A4-96-E2-82, ,Dec 20 2012,21553,21552,,Sep 26 2012,19500,19500,
,227BC78A,Ricoh,Aficio MP 2000,L7086541559,10.34.34.21,00-00-74-E1-0F-D9, ,Dec 20 2012,38722,30654,,Sep 26 2012,37028,29307,
,FEEC7D88,Ricoh,Aficio 2020D,K8366743683,10.41.0.210,00-00-74-AC-57-E1, ,Dec 20 2012,71208,57016,,Sep 26 2012,70285,56336,
,A65904A2,Ricoh,Aficio MP 2000,L7016340037,10.41.249.89,00-26-73-1D-4C-BD, ,Dec 20 2012,14388,10912,,Sep 26 2012,11991,9031,
,FA398FE9,Hewlett-Packard,LaserJet P3005,CNG1X16305,10.30.41.113,00-17-A4-94-C8-1A, ,Dec 20 2012,909,899,,Sep 26 2012,833,833,
,F08EC64B,Hewlett-Packard,LaserJet P3005,CND1S18749,10.30.33.174,00-17-A4-96-81-56, ,Dec 20 2012,5831,157501,,Sep 26 2012,154765,154765,
,8503D6D4,Hewlett-Packard,LaserJet P3005,CNG2R12935,10.34.33.21,00-1F-29-20-A7-FB, ,Dec 20 2012,45722,45711,,Sep 26 2012,43386,43386,
,2C14B56D,Ricoh,Aficio MP 4001,V7905500763,10.30.45.192,00-26-73-0F-05-EC, ,Dec 20 2012,153796,153796,,Sep 26 2012,143535,143535,
,62FEFBD6,Hewlett-Packard,LaserJet P3005,CNG2R15741,10.34.33.20,00-21-5A-7A-89-E7, ,Dec 20 2012,2562,2562,,Sep 26 2012,2402,2402,
,6B85C11C,Ricoh,Aficio MP 2000,L7007140218,10.41.30.152,00-26-73-1D-95-FC, ,Dec 20 2012,16010,12082,,Sep 26 2012,13624,10224,
,1A2652CB,Ricoh,Aficio MP 2500,M4411400158,10.41.30.154,00-26-73-1D-52-50, ,Dec 20 2012,89001,79967,,Sep 26 2012,74127,67062,
,AB6BBFD7,Hewlett-Packard,LaserJet P3005,CNJ1S10709,10.64.1.22,00-17-A4-93-CF-B3, ,Dec 20 2012,753,92537,,Sep 26 2012,92392,92392,
,68996739,Hewlett-Packard,LaserJet P3005,CNG1X14069,10.64.1.16,00-1F-29-20-F5-2D, ,Dec 20 2012,4786,4786,,Sep 26 2012,4159,4159,
,62954CA1,Hewlett-Packard,LaserJet P3005,CND1S54336,10.41.21.82,00-1A-4B-1F-C7-56, ,Dec 20 2012,8870,8834,,Sep 26 2012,8524,8524,
,C41FD93C,Hewlett-Packard,LaserJet P3005,CNJ1R80212,10.64.1.21,00-1A-4B-23-96-A5, ,Dec 20 2012,3048,3048,,Sep 26 2012,2227,2227,
,4544A3F3,Hewlett-Packard,LaserJet P3005,CND1S37610,10.41.21.80,00-18-FE-A2-8B-14, ,Dec 20 2012,24257,24243,,Sep 26 2012,22844,22844,
,3.65E+07,Hewlett-Packard,LaserJet P3005,CNJ1R81072,10.64.1.20,00-1A-4B-23-D4-8C, ,Dec 20 2012,200819,200182,,Sep 26 2012,199627,199627,
,F872F1CE,Hewlett-Packard,LaserJet P3005,CNR1N09002,10.41.21.85,00-21-5A-7A-2D-9A, ,Dec 20 2012,9434,9423,,Sep 26 2012,6926,6926,
,02208AF0,Hewlett-Packard,LaserJet P3005,CNR1P21088,10.41.21.84,00-23-7D-7D-D0-85, ,Dec 20 2012,6349,6336,,Sep 26 2012,5004,5004,
,C891F9BE,Ricoh,Pro 907EX,V5000600055,10.30.45.182,00-26-73-0B-2B-D6, ,Dec 20 2012,1636936,1636936,,Sep 26 2012,1486571,1486571,
,345E547B,Hewlett-Packard,LaserJet P3005,CNJ1S69727,10.64.1.18,00-1A-4B-21-AF-1D, ,Dec 20 2012,36582,36522,,Sep 26 2012,32658,32658,
,1ACB497C,Ricoh,Aficio 2020D,K8366440082,10.41.1.24,00-00-74-A8-AC-69, ,Dec 20 2012,99076,78992,,Sep 26 2012,97231,77683,
,F9EDD387,Hewlett-Packard,LaserJet P3005,XXXXXXXXXX,10.34.13.27,00-1B-78-25-C4-07, ,Dec 20 2012,2565,2555,,Sep 26 2012,932,932,
,F5034747,Hewlett-Packard,Color LaserJet CM1312nfi MFP,CNF8979J5J,10.41.32.49,00-23-7D-7F-28-08, ,Dec 20 2012,5851,2675,3176,Sep 26 2012,5812,2664,3148
,EEC227F2,Ricoh,Aficio MP 2000,L7006940135,10.41.11.141,00-26-73-11-E9-63, ,Dec 20 2012,11428,8919,,Sep 26 2012,9891,7571,
,485A2BDC,Ricoh,Aficio MP 2000,L7096540434,10.41.9.14,00-00-74-F6-A9-BC, ,Dec 20 2012,29126,23897,,Sep 26 2012,27032,22014,
,67E4F743,Hewlett-Packard,LaserJet 4250,CNRXY49868,10.41.20.213,00-1E-0B-14-7F-FD, ,Dec 20 2012,147855,147855,,Sep 26 2012,143356,143356,
,7AAFE53D,Ricoh,Aficio MP 2000,L7006840188,10.41.32.22,00-26-73-18-F4-B4, ,Dec 20 2012,37699,31402,,Sep 26 2012,34544,28722,
,755F8FCE,Hewlett-Packard,Color LaserJet CM1312nfi MFP,CNF8B1TJ8B,10.41.32.50,F4-CE-46-37-00-55, ,Dec 20 2012,6263,1511,4752,Sep 26 2012,5186,1380,3806
,BE980B0B,Hewlett-Packard,LaserJet P3010 Series,VNBCC680Y7,10.41.9.13,9C-8E-99-85-D9-E5, ,Dec 20 2012,631,631,,Sep 26 2012,508,508,
,848D33EE,Ricoh,Aficio MP 2000,L7086940727,10.34.57.17,00-00-74-E1-9F-21, ,Dec 20 2012,28049,21020,,Sep 26 2012,26397,19692,
,A18282B3,Hewlett-Packard,LaserJet P3005,XXXXXXXXXX,10.34.13.21,00-1E-0B-19-D8-AF, ,Dec 20 2012,15828,15793,,Sep 26 2012,14011,14011,
,8B6592AD,Hewlett-Packard,LaserJet P3005,CNJ1S95701,10.30.45.13,00-1A-4B-1F-91-51, ,Dec 20 2012,36138,36118,,Sep 26 2012,34652,34652,
,E22EB983,Ricoh,Aficio MP 2000,L7006940754,10.41.16.29,00-26-73-19-84-05, ,Dec 20 2012,23545,21098,,Sep 26 2012,20060,17976,
,3A69DBA2,Hewlett-Packard,LaserJet P3005,CND1F50360,10.41.17.75,00-21-5A-7B-CD-19, ,Dec 20 2012,16456,88648,,Sep 26 2012,85280,85280,
,3F91FC01,Hewlett-Packard,LaserJet P3005,CNG2R10033,10.41.10.210,00-1F-29-25-27-E7, ,Dec 20 2012,8201,8192,,Sep 26 2012,7377,7377,
,1A4527D0,Ricoh,Aficio MP 2000,L7006940129,10.41.12.12,00-26-73-11-E8-71, ,Dec 20 2012,14058,10465,,Sep 26 2012,12541,9280,
,7.48E+14,Hewlett-Packard,LaserJet P3005,CNJ1R85262,10.41.21.81,00-21-5A-8D-82-CE, ,Dec 20 2012,15533,15500,,Sep 26 2012,14290,14290,
,8750314F,Hewlett-Packard,LaserJet P3010 Series,VNBCC680YJ,10.41.17.77,9C-8E-99-85-D9-EF, ,Dec 20 2012,433,433,,Sep 26 2012,324,324,
,7ADEC54A,Hewlett-Packard,LaserJet P3005,CND1S19840,10.64.1.26,00-17-A4-95-EF-EB, ,Dec 20 2012,64130,64065,,Sep 26 2012,62379,62379,
,276C99A7,Ricoh,Aficio MP 2000,L7006940064,10.41.12.142,00-26-73-11-E8-BA, ,Dec 20 2012,24446,19381,,Sep 26 2012,22033,17408,
,C494F701,Hewlett-Packard,Color LaserJet CP2025n,CNBS111016,10.0.38.12,00-21-5A-E5-0C-40, ,Dec 20 2012,56958,27509,29449,Sep 26 2012,49575,23482,26093
,DD24E880,Ricoh,Aficio MP 2500,M4412000045,10.41.17.78,00-26-73-2A-44-B6, ,Dec 20 2012,11968,10117,,Sep 26 2012,9673,8274,
,F83CE8DB,Hewlett-Packard,LaserJet P3010 Series,VNBCBDQ3K3,10.41.17.12,3C-4A-92-B3-8C-F0, ,Dec 20 2012,1832,1832,,Sep 26 2012,1447,1447,
,AC23ACD1,Hewlett-Packard,LaserJet P3005,CND2R29775,10.0.36.27,00-17-08-81-31-8E, ,Dec 20 2012,105677,105666,,Sep 26 2012,100708,100708,
,BEC8FEF6,Ricoh,Aficio MP 2352,W411LB00282,10.30.33.183,00-26-73-32-17-29, ,Dec 20 2012,13598,11645,,Sep 26 2012,10566,9130,
,AB447C2E,Hewlett-Packard,LaserJet P3005,CNJ1R32310,10.41.17.76,00-18-FE-A0-DD-7A, ,Dec 20 2012,22131,118233,,Sep 26 2012,115253,115253,
,D502E24F,Hewlett-Packard,LaserJet P3005,CNR1P22044,10.0.36.16,00-17-A4-94-52-C5, ,Dec 20 2012,10991,10978,,Sep 26 2012,2312,2312,
,6C82E5A3,Hewlett-Packard,LaserJet P3005,CND1P01450,10.0.36.26,00-18-FE-A0-5D-3E, ,Dec 20 2012,3971,138253,,Sep 26 2012,136541,136541,
,5DD23B92,Ricoh,Aficio MP 2352,W412L301186,10.64.1.25,00-26-73-3B-5B-FC, ,Dec 20 2012,12299,11430,,Sep 26 2012,8680,8125,
,3F378E24,Hewlett-Packard,LaserJet P3005,XXXXXXXXXX,10.41.17.73,00-1E-0B-19-AC-68, ,Dec 20 2012,6471,6441,,Sep 26 2012,6256,6256,
,724B8AED,Hewlett-Packard,LaserJet P3005,CND1R04191,10.41.17.72,00-17-08-83-68-9A, ,Dec 20 2012,13913,46444,,Sep 26 2012,43929,43929,
,178E023E,Hewlett-Packard,LaserJet P3010 Series,VNBCC7C70Z,10.41.20.20,3C-D9-2B-0F-D2-EC, ,Dec 20 2012,1267,1267,,Sep 26 2012,972,972,
,F24EF6DD,Hewlett-Packard,LaserJet 4250,CNGXJ11538,10.41.20.16,00-11-0A-C2-BB-62, ,Dec 20 2012,346691,346691,,Sep 26 2012,344583,344583,
,5F2D7644,Hewlett-Packard,LaserJet 4250,CNRXB74506,10.41.20.18,00-17-08-86-FE-7E, ,Dec 20 2012,15420,373340,,Sep 26 2012,371428,371428,
,6FE84338,Hewlett-Packard,LaserJet 4250,CNGXC52970,10.64.18.20,00-11-0A-BB-8D-CE, ,Dec 20 2012,19235,19235,,Sep 26 2012,14588,14588,
,E8BD1C6E,Ricoh,Aficio MP 2352,W412L100140,10.41.21.101,00-26-73-36-40-89, ,Oct 19 2012,8694,8080,,Sep 26 2012,8258,7703,
,8F8ADF46,Hewlett-Packard,LaserJet P3005,CND1R27287,10.41.17.74,00-17-A4-96-7D-F0, ,Dec 20 2012,14752,58282,,Sep 26 2012,55649,55649,
,0B87D59E,Hewlett-Packard,LaserJet P3010 Series,VNBCC7C70W,10.41.20.214,3C-D9-2B-0E-2F-01, ,Dec 20 2012,1334,1334,,Sep 26 2012,1018,1018,
,8F6A90C8,Hewlett-Packard,LaserJet P3010 Series,VNBCC7C712,10.64.18.21,3C-D9-2B-0F-E2-05, ,Dec 20 2012,399,399,,Sep 26 2012,294,294,
,DF059CC2,Hewlett-Packard,LaserJet 4250,CNRXK99205,10.41.20.209,00-1B-78-15-DC-A9, ,Dec 20 2012,114333,114333,,Sep 26 2012,110380,110380,
,FBA27F9F,Hewlett-Packard,LaserJet 4250,CNDXC10045,10.64.18.18,00-13-21-24-24-87, ,Dec 20 2012,61920,61904,,Sep 26 2012,57154,57154,
,2D883287,Ricoh,Aficio MP 2352,W411LA00159,10.41.12.210,00-26-73-2F-5C-EA, ,Dec 20 2012,70121,69027,,Sep 26 2012,49545,48634,
,46EB8D48,Hewlett-Packard,LaserJet P3010 Series,VNBCC9C12P,10.41.21.86,2C-41-38-7C-AC-8E, ,Dec 20 2012,156,156,,Sep 26 2012,123,123,
,E49065BF,Hewlett-Packard,LaserJet 4250,CNRXL90842,10.41.20.17,00-11-85-D9-51-26, ,Dec 20 2012,37187,70577,,Sep 26 2012,67687,67687,
,4A910E30,Hewlett-Packard,LaserJet 4250,CNGXJ10886,10.41.20.19,00-11-85-FA-9E-CF, ,Dec 20 2012,74525,74535,,Sep 26 2012,69846,69846,
,CB309A06,Hewlett-Packard,LaserJet 4250,CNBXF11023,10.41.20.15,00-14-38-DD-DC-EB, ,Dec 14 2012,94440,167650,,Sep 26 2012,166001,166001,
,ADEC9674,Hewlett-Packard,LaserJet 4350,CNRXL63232,10.64.18.19,00-17-08-8E-36-A7, ,Dec 20 2012,52831,52766,,Sep 26 2012,51097,51097,
,6C60D4F9,Hewlett-Packard,LaserJet P3005,CNR2R01236,10.41.10.207,00-18-FE-A0-8D-B4, ,Dec 20 2012,3271,3521,,Sep 26 2012,2296,2296,
,B6CF81DE,Hewlett-Packard,LaserJet 4250,CNRXC99125,10.64.18.17,00-17-A4-98-AA-E4, ,Dec 20 2012,108778,108748,,Sep 26 2012,106491,106491,
,D46730EB,Hewlett-Packard,Color LaserJet CM1312nfi MFP,CNF8B1FK6X,10.0.40.68,F4-CE-46-33-70-45, ,Dec 20 2012,22172,9109,13063,Sep 26 2012,19437,8452,10985
,743DF472,Ricoh,Aficio MP 2352,W412L400181,10.0.40.14,00-26-73-3C-1D-F9, ,Dec 20 2012,38659,23333,,Sep 26 2012,25041,15887,
,7B794733,Hewlett-Packard,Color LaserJet CM1312nfi MFP,CNF895354B,10.0.40.15,00-23-7D-77-EC-61, ,Dec 20 2012,23155,12035,11120,Sep 26 2012,22103,11954,10149
,9689849A,Hewlett-Packard,Color LaserJet CP4520/CP4525 Series,JPBCB6J14Z,10.30.43.15,78-E7-D1-A3-DA-10, ,Dec 20 2012,303188,120831,182357,Sep 27 2012,277448,108258,169190
,6EE778E2,Hewlett-Packard,Color LaserJet CP3525,CNCCC9D11C,10.30.43.100,3C-D9-2B-A2-F3-FE, ,Dec 20 2012,31846,8873,23554,Sep 27 2012,28481,7896,20585
,EB647007,Ricoh,Aficio MP 6000,M9285500508,10.30.43.3,00-00-74-D7-92-02, ,Dec 20 2012,642463,642463,,Sep 27 2012,614822,614822,
,BFC375B6,Ricoh,Aficio MP 7001,V7005700150,10.30.43.57,00-26-73-37-16-3E, ,Dec 20 2012,135798,135798,,Sep 27 2012,110360,110360,
,2C4BDDC6,Ricoh,Aficio MP C6501,V7600800535,10.30.43.104,00-26-73-10-03-22, ,Dec 20 2012,520835,335266,169737,Sep 27 2012,467703,308696,145806
,E53DA3A6,Ricoh,Aficio MP 7001,V7005700166,10.30.44.10,00-26-73-15-54-8E, ,Dec 20 2012,593931,593931,,Sep 27 2012,530767,530767,
,1E0D51AF,Ricoh,Aficio MP C3501,V9406000187,10.30.44.9,00-26-73-1C-11-0E, ,Dec 20 2012,358022,202981,155041,Sep 27 2012,287296,160619,126677
,165EC122,Ricoh,Aficio SP C820DN,S4906700150,10.30.43.60,00-26-73-12-4C-75, ,Dec 20 2012,88704,23945,64759,Sep 27 2012,68996,20462,48534
,26B0959E,Hewlett-Packard,LaserJet P3005,XXXXXXXXXX,10.34.35.22,00-21-5A-7A-99-89, ,Dec 20 2012,2740,2714,,Sep 27 2012,1951,1951,
,056D62F9,Ricoh,Aficio MP 2000,L7006840174,10.41.10.79,00-26-73-18-F4-93, ,Dec 20 2012,20606,14547,,Sep 27 2012,18065,12501,
,D4A91852,Hewlett-Packard,Color LaserJet CP4005n,JP4LB20117,10.30.43.44,00-1A-4B-15-10-EB, ,Dec 20 2012,195508,21809,173696,Sep 27 2012,185378,21547,163831
,1682CC73,Ricoh,Aficio MP 2000,L7006740783,10.30.43.89,00-26-73-11-97-B0, ,Dec 20 2012,36504,33879,,Sep 27 2012,34408,32140,
,0B7C2DFA,Ricoh,Aficio MP 4001,V7915801487,10.30.44.84,00-26-73-35-B6-84, ,Dec 20 2012,34099,34096,,Sep 27 2012,23744,23744,
,808A9D61,Ricoh,Aficio MP 2000,L7006940558,10.0.36.24,00-26-73-19-67-27, ,Dec 20 2012,36406,6445,,Sep 27 2012,32261,5237,
,88D23910,Ricoh,Aficio MP 6001,V6905701208,10.30.44.155,00-26-73-15-56-E3, ,Dec 20 2012,483388,483385,,Sep 27 2012,444401,444398,
,67F53206,Hewlett-Packard,Color LaserJet 4700,JP8RB78416,10.30.43.6,00-23-7D-8D-F7-37, ,Dec 20 2012,46974,27217,19753,Sep 27 2012,45825,26685,19140
,720BB19F,Ricoh,Aficio MP C5000,V1305600841,10.30.44.154,00-26-73-12-24-60, ,Dec 20 2012,288712,186883,101384,Sep 27 2012,269486,175656,93386
,77BD96E6,Ricoh,Aficio MP 2851,V8205901510,10.30.44.150,00-26-73-18-C5-89, ,Dec 20 2012,156086,154874,,Sep 27 2012,127680,126660,
,D0AFD93E,Ricoh,Aficio SP C410DN,Q7069000618,10.0.36.19,00-00-74-A7-9D-D7, ,Dec 20 2012,103473,19944,83529,Sep 27 2012,89172,18487,70685
,9275CF41,Ricoh,Aficio MP 2000,L7006740838,10.30.44.16,00-26-73-11-97-7B, ,Dec 20 2012,16433,16418,,Sep 27 2012,15646,15631,
,D85017C4,Hewlett-Packard,Color LaserJet CP3525,CNCC8CR0FQ,10.0.36.12,00-21-5A-80-E7-92, ,Dec 20 2012,81743,26967,54372,Sep 27 2012,72558,24859,47699
,3608CFCB,Ricoh,Aficio MP 7001,V7005700144,10.0.36.22,00-26-73-15-50-9A, ,Dec 20 2012,419607,419607,,Sep 27 2012,378723,378723,
,6A02EC1A,Hewlett-Packard,Color LaserJet 5500,XXXXXXXXXX,10.30.44.151,00-1B-78-F0-A2-28, ,Dec 20 2012,75372,14428,60944,Sep 27 2012,62933,12087,50846
,52AE97CE,Hewlett-Packard,LaserJet P3005,CNJ1N26538,10.30.43.126,00-1E-0B-1B-5B-41, ,Dec 20 2012,110730,241939,,Sep 27 2012,241869,241869,
,AC81AC64,Ricoh,Aficio CL3500N,Q4480200519,10.30.44.38,00-00-74-D3-B6-5C, ,Dec 20 2012,60330,18637,41693,Sep 27 2012,58196,18136,40060
,B011264D,Ricoh,Aficio MP C4000,V1205700342,10.30.44.123,00-26-73-12-57-E8, ,Dec 20 2012,95819,54818,39588,Sep 27 2012,54039,21972,30841
,C4AF49D6,Hewlett-Packard,Color LaserJet CP3525,CNCCB280WN,10.30.44.153,18-A9-05-FE-30-B2, ,Dec 20 2012,73878,37869,35984,Sep 27 2012,68020,35046,32974
,4105826F,Ricoh,Aficio MP 7001,V7005700199,10.0.36.18,00-26-73-15-55-34, ,Dec 20 2012,389260,389260,,Sep 27 2012,343455,343455,
,EAED6119,Hewlett-Packard,Color LaserJet CP4520/CP4525 Series,JPBCB72017,10.30.44.156,1C-C1-DE-13-E2-A1, ,Dec 20 2012,181512,58274,123238,Sep 27 2012,177558,57111,120447
,FFA4F7A8,Hewlett-Packard,Color LaserJet CP4005n,JP4LB16492,10.30.43.103,00-1A-4B-16-77-19, ,Dec 20 2012,147684,17064,130621,Sep 27 2012,144509,16977,127532
,ACFA314D,Hewlett-Packard,LaserJet 2200,CNGSB25700,10.30.34.238,00-1B-78-ED-4D-89, ,Oct 19 2012,123936,,,Sep 27 2012,123020,,
,70640BFE,Hewlett-Packard,LaserJet P3005,CNR1N02408,10.0.36.14,00-21-5A-7A-7D-10, ,Dec 20 2012,38673,38673,,Sep 27 2012,5814,5814,
,25D839C4,Ricoh,Aficio MP 2000,L7007040666,10.30.33.209,00-26-73-1D-95-82, ,Dec 20 2012,19433,15354,,Sep 27 2012,16781,13126,
,D802BABC,Hewlett-Packard,Color LaserJet 3600 Series,CNRBB49610,10.0.36.11,00-14-38-46-BB-B7, ,Dec 20 2012,234808,15987,218821,Sep 27 2012,232984,15963,217021
,3E3E084E,Hewlett-Packard,LaserJet 4250,CNDXB07847,10.64.10.17,00-13-21-22-75-5C, ,Dec 20 2012,167558,166544,,Sep 27 2012,158764,158764,
,DD5201F9,Hewlett-Packard,LaserJet P3005,CNR1N20309,10.64.21.18,00-1E-0B-19-E1-44, ,Dec 20 2012,4035,4035,,Sep 27 2012,3715,3715,
,580A7EA0,Hewlett-Packard,LaserJet P3005,CNR1N10481,10.30.33.222,00-21-5A-95-4D-70, ,Dec 20 2012,6953,6953,,Sep 27 2012,6612,6612,
,3D8C23E3,Ricoh,Aficio MP 2000,L7006940060,10.30.34.141,00-26-73-11-E7-DA, ,Dec 20 2012,33879,27408,,Sep 27 2012,30535,24553,
,4CDE4178,Hewlett-Packard,LaserJet P3005,CNR1P21867,10.0.36.17,00-23-7D-71-BC-13, ,Dec 20 2012,46261,46161,,Sep 27 2012,44845,44845,
,9A6F886D,Hewlett-Packard,LaserJet 4250,USBXN15360,10.30.33.207,00-12-79-47-FA-A6, ,Dec 20 2012,162507,162480,,Sep 27 2012,156216,156216,
,E0D3CA09,Hewlett-Packard,LaserJet P3005,XXXXXXXXXX,10.30.37.19,00-1A-4B-22-55-13, ,Dec 20 2012,3422,3422,,Sep 27 2012,3060,3060,
,F8C778BB,Hewlett-Packard,LaserJet P3005,CNJ1N39150,10.30.37.18,00-23-7D-71-3A-CD, ,Dec 20 2012,30696,159104,,Sep 27 2012,154178,154178,
,4936D1CC,Hewlett-Packard,LaserJet 4350,CNDXC00774,10.0.36.15,00-12-79-DF-3D-8F, ,Dec 20 2012,402167,402167,,Sep 27 2012,392808,392808,
,CB8C642F,Hewlett-Packard,LaserJet P3005,CNR1N21000,10.64.21.21,00-23-7D-85-1F-A1, ,Dec 20 2012,7833,7831,,Sep 27 2012,5092,5092,
,6FB1620D,Hewlett-Packard,LaserJet P3005,XXXXXXXXXX,10.0.38.11,00-1A-4B-23-67-0B, ,Dec 20 2012,23112,23112,,Sep 27 2012,17292,17292,
,CD1CA4E2,Hewlett-Packard,LaserJet P3005,CNG1X15694,10.64.10.18,00-21-5A-7A-8C-CB, ,Dec 20 2012,36893,36893,,Sep 27 2012,34464,34464,
,46B901E4,Hewlett-Packard,LaserJet P3005,CNR1N26092,10.64.21.19,00-23-7D-7B-CC-8D, ,Dec 20 2012,15126,15126,,Sep 27 2012,14423,14423,
,59A73E4A,Hewlett-Packard,LaserJet P3005,XXXXXXXXXX,10.64.21.20,00-1E-0B-19-D9-76, ,Dec 20 2012,4322,4322,,Sep 27 2012,1933,1933,
,0F1B2ADE,Hewlett-Packard,LaserJet 2200,JPGGP07101,10.30.33.181,00-11-0A-EC-A4-EE, ,Dec 20 2012,203165,,,Sep 27 2012,201631,,
,F85B54B9,Hewlett-Packard,LaserJet 2300 series,CNBDC65572,10.30.41.110,00-01-E6-87-07-D5, ,Dec 9 2012,149069,,,Sep 27 2012,145043,,
,6CEEC91C,Ricoh,Aficio SP C410DN,Q7078501115,10.30.41.104,00-00-74-B3-A0-E6, ,Dec 20 2012,114897,52595,62302,Sep 27 2012,111755,51605,60150
,4ABCB23F,Ricoh,Aficio MP 2000,L7086540935,10.34.33.26,00-00-74-DD-20-B1, ,Dec 20 2012,38437,28442,,Sep 27 2012,37183,27563,
,02690F84,Hewlett-Packard,LaserJet P3005,CNG1X15828,10.30.40.15,00-21-5A-7A-3B-B2, ,Dec 20 2012,1809,1809,,Sep 27 2012,1707,1707,
,B6A28FE7,Hewlett-Packard,LaserJet P3005,CNR1N05071,10.34.33.23,00-21-5A-7E-E0-64, ,Dec 20 2012,38237,38228,,Sep 27 2012,36649,36649,
,0AEAE8C0,Hewlett-Packard,LaserJet P3005,CNG1X13478,10.30.40.20,00-23-7D-74-25-C7, ,Dec 20 2012,9188,9162,,Sep 27 2012,7599,7599,
,AF751766,Hewlett-Packard,LaserJet P3005,CNJ1N39359,10.30.37.249,00-1E-0B-19-D7-32, ,Dec 20 2012,934,955,,Sep 27 2012,848,848,
,DA1E7CC6,Hewlett-Packard,LaserJet 2200,XXXXXXXXXX,10.30.41.112,00-1B-78-EB-AC-0D, ,Dec 20 2012,101587,,,Sep 27 2012,98434,,
,E2A07787,Hewlett-Packard,LaserJet P3005,CNJ1P06875,10.30.45.15,00-1A-4B-23-41-5A, ,Dec 20 2012,5273,11839,,Sep 27 2012,11410,11410,
,1DE39EA1,Hewlett-Packard,LaserJet P3005,CNJ1R79596,10.30.45.30,00-1A-4B-23-46-9C, ,Dec 20 2012,72100,72066,,Sep 27 2012,72072,72072,
,DEC1A4A1,Hewlett-Packard,LaserJet 2420,CNGKK88931,10.30.33.182,00-14-38-89-B7-D5, ,Dec 20 2012,77731,77716,,Sep 27 2012,75189,75189,
,51A5AF5D,Ricoh,Aficio MP 2000,L7086541049,10.34.35.15,00-00-74-DD-0B-EB, ,Dec 20 2012,30994,25331,,Sep 27 2012,29881,24474,
,8D33A285,Hewlett-Packard,LaserJet 2420,CNGJD29004,10.30.40.19,00-14-38-D3-98-1F, ,Dec 20 2012,124177,124139,,Sep 27 2012,119720,119720,
,13AEAEE6,Dell,1720dn Laser Printer,6222YHZ7013,10.30.45.84,00-04-00-AE-7B-19, ,Dec 20 2012,18439,,,Sep 27 2012,17323,,
,0864EB1F,Hewlett-Packard,LaserJet P3005,CNG1X15704,10.34.34.20,00-21-5A-7A-2C-A2, ,Dec 20 2012,2538,2538,,Sep 27 2012,2368,2368,
,67A00EDE,Ricoh,Aficio MP 2510,M0966002142,10.30.41.102,00-00-74-AB-47-F4, ,Dec 20 2012,125032,116982,,Sep 27 2012,118128,110131,
,AB9EC860,Hewlett-Packard,LaserJet P3005,XXXXXXXXXX,10.34.33.22,00-17-08-90-FD-FB, ,Dec 20 2012,16159,16126,,Sep 27 2012,13739,13739,
,5B6AB528,Hewlett-Packard,LaserJet P3005,CNG1X14981,10.34.33.25,00-1E-0B-19-D8-51, ,Dec 20 2012,16665,16664,,Sep 27 2012,14179,14179,
,44F70205,Hewlett-Packard,LaserJet P3005,XXXXXXXXXX,10.34.34.19,00-21-5A-7C-61-84, ,Dec 20 2012,5509,5504,,Sep 27 2012,4280,4280,
,3B1C7E3E,Ricoh,Aficio SP C410DN,Q7078600594,10.34.35.18,00-00-74-B3-D1-B5, ,Dec 20 2012,276,79,197,Sep 27 2012,276,79,197
,26023B48,Ricoh,Aficio MP 2000,L7086541509,10.34.32.20,00-00-74-E0-F0-B4, ,Dec 20 2012,37092,30472,,Sep 27 2012,35273,29014,
,2449FF40,Hewlett-Packard,LaserJet P3005,XXXXXXXXXX,10.34.35.33,00-1E-0B-1A-85-2C, ,Dec 20 2012,4787,4787,,Sep 27 2012,3439,3439,
,D2DB04BC,Hewlett-Packard,LaserJet P3005,XXXXXXXXXX,10.34.32.22,00-23-7D-7C-1E-3E, ,Dec 20 2012,10931,10911,,Sep 27 2012,10067,10067,
,3DFD597D,Hewlett-Packard,LaserJet P3005,CNR1N10483,10.34.57.25,00-21-5A-95-B7-8C, ,Dec 20 2012,966,966,,Sep 27 2012,917,917,
,D8FDC9CE,Ricoh,Aficio MP 2000,L7006340404,10.41.29.75,00-26-73-0A-36-DA, ,Dec 20 2012,33927,27193,,Sep 27 2012,31329,24838,
,5A824FC8,Ricoh,Aficio MP 4001,V7905501421,10.34.35.38,00-26-73-01-60-B1, ,Dec 20 2012,104115,92566,,Sep 27 2012,101430,90428,
,21DAFFCE,Hewlett-Packard,LaserJet P3005,CNG1X16073,10.34.35.29,00-21-5A-8D-F2-51, ,Dec 20 2012,373,373,,Sep 27 2012,288,288,
,EF0BCD7D,Ricoh,Aficio MP 2000,L7007040668,10.41.31.26,00-26-73-1D-FC-A1, ,Dec 20 2012,17306,14913,,Sep 27 2012,15368,13220,
,88725B2B,Ricoh,Aficio MP 2550SP,M6585200600,10.30.45.95,00-00-74-D5-BC-D3, ,Dec 20 2012,44711,,,Sep 27 2012,42588,,
,C9343D2D,Hewlett-Packard,LaserJet P3005,XXXXXXXXXX,10.34.32.21,00-18-FE-A1-72-A9, ,Dec 20 2012,18702,18692,,Sep 27 2012,15696,15696,
,2278A769,Hewlett-Packard,LaserJet P3005,XXXXXXXXXX,10.34.35.21,00-1F-29-23-0F-0E, ,Dec 20 2012,4247,4248,,Sep 27 2012,455,455,
,5C8074B6,Hewlett-Packard,LaserJet P3005,CNG1X15831,10.34.32.11,00-21-5A-7A-3B-B6, ,Dec 20 2012,1384,1384,,Sep 27 2012,1361,1361,
,FEDFC9AD,Hewlett-Packard,LaserJet P3005,CNG1X12907,10.34.35.23,00-1F-29-20-B7-3D, ,Dec 20 2012,33320,33315,,Sep 27 2012,32092,32092,
,4E86A655,Ricoh,Aficio MP 2000,L7006840212,10.41.10.205,00-26-73-18-F4-95, ,Dec 20 2012,14299,10616,,Sep 27 2012,12341,8957,
,6459A142,Hewlett-Packard,LaserJet 2430,CNDJC13123,10.30.45.174,00-11-85-F8-47-B7, ,Dec 20 2012,226913,226908,,Sep 27 2012,225870,225870,
,4D162FAB,Hewlett-Packard,LaserJet 4350,CNDXJ05365,10.30.34.79,00-13-21-25-E6-0F, ,Dec 20 2012,115536,115536,,Sep 27 2012,112924,112924,
,F32F0D69,Hewlett-Packard,LaserJet 2200,CNGRH25886,10.30.35.242,00-01-E6-34-A3-A7, ,Dec 20 2012,159968,,,Sep 27 2012,159059,,
,F19DD212,Hewlett-Packard,LaserJet P3005,CNR1N02404,10.30.34.149,00-21-5A-7C-38-43, ,Dec 20 2012,3318,3318,,Sep 27 2012,2999,2999,
,AB7550AF,Hewlett-Packard,LaserJet 2200,CNGRB90969,10.30.34.174,00-01-E6-A7-CB-FA, ,Dec 20 2012,170439,,,Sep 27 2012,166718,,
,23FF0F71,Hewlett-Packard,LaserJet P3005,CNG1X15699,10.30.37.84,00-21-5A-7A-8C-D7, ,Nov 7 2012,5160,5160,,Sep 27 2012,5061,5061,
,3AF6C7B1,Hewlett-Packard,LaserJet P3005,CND1S18744,10.30.33.179,00-17-A4-96-B4-EE, ,Dec 20 2012,1155,101295,,Sep 27 2012,100907,100907,
,83A53550,Hewlett-Packard,LaserJet 2200,XXXXXXXXXX,10.30.34.15,00-01-E6-9B-72-06, ,Dec 20 2012,186609,,,Sep 27 2012,184023,,
,8F922DBF,Hewlett-Packard,LaserJet P3005,CNR1N13257,10.30.34.112,00-21-5A-96-D5-65, ,Dec 20 2012,4739,4739,,Sep 27 2012,4413,4413,
,A182F6E9,Hewlett-Packard,LaserJet 2420,CNGJF29094,10.30.37.179,00-14-38-D3-98-54, ,Dec 20 2012,73027,73010,,Sep 27 2012,70368,70368,
,E184FB4C,Hewlett-Packard,LaserJet 2420,CNGKK88601,10.30.34.16,00-14-38-89-94-1D, ,Dec 20 2012,123017,122941,,Sep 27 2012,116142,116142,
,CEB61D95,Hewlett-Packard,LaserJet 2420,CNGKK88731,10.30.33.148,00-14-38-8A-6E-4D, ,Dec 20 2012,91902,91868,,Sep 27 2012,87999,87999,
,813BEC1C,Hewlett-Packard,LaserJet 2200,XXXXXXXXXX,10.30.33.79,00-01-E6-8B-90-E2, ,Dec 20 2012,255870,,,Sep 27 2012,248015,,
,6EB2A347,Hewlett-Packard,LaserJet P3005,CNG1X15834,10.30.37.214,00-21-5A-7A-3B-D7, ,Dec 20 2012,1238,1238,,Sep 27 2012,1168,1168,
,F7838BCD,Hewlett-Packard,LaserJet 2420,CNGJD40565,10.30.34.78,00-14-38-D5-8D-0D, ,Dec 20 2012,76063,76063,,Sep 27 2012,72090,72090,
,96985989,Hewlett-Packard,LaserJet P3005,XXXXXXXXXX,10.30.33.88,00-17-08-90-28-ED, ,Dec 20 2012,22786,22786,,Sep 27 2012,21165,21165,
,98946AE9,Hewlett-Packard,LaserJet P3005,CNR2R05052,10.30.34.176,00-21-5A-95-F6-87, ,Dec 20 2012,14602,14602,,Sep 27 2012,13818,13818,
,FED2126C,Hewlett-Packard,LaserJet P3005,CNJ2R24790,10.30.33.149,00-1E-0B-17-DF-4B, ,Dec 20 2012,1051,185681,,Sep 27 2012,185334,185334,
,BA0E1839,Hewlett-Packard,LaserJet 4250,CNDXB07844,10.30.33.147,00-13-21-22-75-8F, ,Dec 20 2012,260424,259872,,Sep 27 2012,252904,252904,
,4817560,Hewlett-Packard,LaserJet P3005,CNG2R15746,10.30.37.180,00-21-5A-7A-4B-69, ,Dec 20 2012,5308,5308,,Sep 27 2012,4993,4993,
,C035613B,Hewlett-Packard,LaserJet P3005,CND1P10326,10.30.34.80,00-21-5A-99-36-19, ,Dec 20 2012,1110,76418,,Sep 27 2012,76316,76316,
,215B6E2E,Hewlett-Packard,LaserJet P3005,JPDGJ05115,10.64.1.19,00-17-A4-96-CA-88, ,Dec 20 2012,47899,47842,,Sep 27 2012,44980,44980,
,C6E01322,Hewlett-Packard,LaserJet P3005,CNJ1S95766,10.64.1.17,00-18-FE-A5-79-7F, ,Dec 20 2012,27137,27115,,Sep 27 2012,23869,23869,
,1778C72F,Hewlett-Packard,LaserJet P3005,CNG1X15827,10.34.36.28,00-21-5A-7A-3B-B4, ,Dec 20 2012,1446,1446,,Sep 27 2012,1367,1367,
,9AD06602,Hewlett-Packard,LaserJet P3010 Series,VNBCC8Y0LP,10.64.1.24,2C-41-38-80-A0-0F, ,Dec 20 2012,236,236,,Sep 27 2012,96,96,
,60B6205C,Hewlett-Packard,LaserJet P3005,CNG1X14984,10.34.36.21,00-1F-29-20-EF-E4, ,Dec 20 2012,72708,72546,,Sep 27 2012,69114,69114,
,7F198519,Hewlett-Packard,LaserJet P3005,CNG2R12928,10.34.36.18,00-1F-29-20-C7-8C, ,Dec 20 2012,29458,29382,,Sep 27 2012,28615,28615,
,56BA4862,Ricoh,Aficio MP 2000,L7006840205,10.41.32.56,00-26-73-18-F4-14, ,Dec 20 2012,27159,18821,,Sep 27 2012,26004,17947,
,7EDEF4CC,Ricoh,Aficio MP 2000,L7096640148,10.34.13.82,00-00-74-F6-06-12, ,Dec 20 2012,29435,23708,,Sep 27 2012,28094,22637,
,E7FEE6F1,Hewlett-Packard,LaserJet P3005,CNJ1R19257,10.41.9.10,00-17-A4-96-54-33, ,Dec 20 2012,10064,83647,,Sep 27 2012,81942,81942,
,A97C1DA3,Hewlett-Packard,LaserJet P3005,CND1R32089,10.41.32.47,00-18-FE-A0-0C-C9, ,Dec 20 2012,86904,114843,,Sep 27 2012,109134,109134,
,3D714B49,Hewlett-Packard,LaserJet P3005,CND1P01464,10.41.32.60,00-1E-0B-19-D4-7B, ,Dec 20 2012,2032,2032,,Sep 27 2012,1796,1796,
,CE0AE7DB,Hewlett-Packard,LaserJet P3005,JPRFC17369,10.41.17.8,00-23-7D-84-18-19, ,Nov 27 2012,33124,33124,,Sep 27 2012,31759,31759,
,C5A0FB76,Ricoh,Aficio MP 2000,L7096740635,10.41.1.150,00-00-74-F7-99-A7, ,Nov 21 2012,32826,25293,,Sep 27 2012,31872,24558,
,3C1B6D04,Hewlett-Packard,LaserJet P3005,CNJ2R13648,10.41.17.7,00-18-FE-A4-2F-65, ,Dec 5 2012,31826,48020,,Sep 27 2012,44103,44103,
,06B58B1A,Hewlett-Packard,LaserJet P3005,CND1N00680,10.41.9.12,00-17-A4-93-D0-AF, ,Dec 20 2012,19987,122892,,Sep 27 2012,120918,120918,
,D000FBC7,Ricoh,Aficio MP 4001,V7905801459,10.41.32.26,00-26-73-19-47-F4, ,Dec 20 2012,170998,167032,,Sep 27 2012,137441,134058,
,4870CDA9,Ricoh,Aficio MP 2000,L7096540426,10.64.11.23,00-00-74-F6-A9-C0, ,Dec 20 2012,27255,21905,,Sep 27 2012,25844,20857,
,B291E406,Hewlett-Packard,LaserJet P3005,CND1S06062,10.41.17.11,00-17-08-90-6E-29, ,Dec 20 2012,42377,213473,,Sep 27 2012,206935,206935,
,79CDAF6F,Hewlett-Packard,LaserJet P3005,CNJ1S94772,10.41.17.9,00-1B-78-21-FF-4B, ,Dec 20 2012,22051,121037,,Sep 27 2012,117178,117178,
,2A430B9C,Ricoh,Aficio MP 2000,L7096640026,10.34.14.32,00-00-74-F6-06-B5, ,Dec 20 2012,34297,27947,,Sep 27 2012,32258,26194,
,431463B4,Hewlett-Packard,LaserJet P3005,CNJ2R13688,10.41.9.9,00-21-5A-7A-0D-27, ,Dec 20 2012,7532,26892,,Sep 27 2012,25782,25782,
,FB9A1AEF,Ricoh,Aficio MP 2000,L7006840202,10.41.17.13,00-26-73-15-30-A2, ,Dec 20 2012,43484,36781,,Sep 27 2012,39049,33053,
,2A1781BF,Hewlett-Packard,LaserJet P3005,XXXXXXXXXX,10.41.17.6,00-1E-0B-19-D9-23, ,Dec 20 2012,10594,10594,,Sep 27 2012,8263,8263,
,01F8CBCE,Hewlett-Packard,LaserJet P3005,CNJ1R77681,10.41.9.7,00-17-08-81-0B-FA, ,Dec 20 2012,20686,25177,,Sep 27 2012,23142,23142,
,21D6864D,Hewlett-Packard,LaserJet P3005,CNJ1S95588,10.41.29.157,00-1B-78-24-D4-95, ,Dec 20 2012,97234,96855,,Sep 27 2012,94352,94352,
,4B74B323,Hewlett-Packard,LaserJet P3005,XXXXXXXXXX,10.34.36.19,00-1E-0B-19-44-CE, ,Dec 20 2012,3527,3527,,Sep 27 2012,2391,2391,
,F74ECA34,Ricoh,Aficio MP 2000,L7006840203,10.41.12.75,00-26-73-18-F5-05, ,Dec 20 2012,10898,8755,,Sep 27 2012,9819,7788,
,9406BBD1,Hewlett-Packard,LaserJet P3005,CNG1X08988,10.64.1.23,00-1F-29-25-C1-56, ,Dec 20 2012,25628,25617,,Sep 27 2012,19708,19708,
,1DB6CA30,Hewlett-Packard,LaserJet P3005,CNJ1R82439,10.41.29.147,00-1A-4B-31-04-42, ,Dec 20 2012,74831,74564,,Sep 27 2012,74149,74149,
,5F8D6FD2,Ricoh,Aficio MP 2000,L7006840796,10.41.13.16,00-26-73-11-E0-9A, ,Dec 20 2012,10586,9266,,Sep 27 2012,9509,8375,
,DEB3E18B,Hewlett-Packard,LaserJet P3005,CNJ1R74953,10.41.29.149,00-1F-29-24-98-29, ,Dec 20 2012,44227,43806,,Sep 27 2012,43471,43471,
,BC941966,Ricoh,Aficio MP 2000,L7006540005,10.41.26.12,00-26-73-0E-F5-61, ,Dec 20 2012,27845,25866,,Sep 27 2012,25225,23427,
,FBE947AB,Hewlett-Packard,LaserJet P3005,CNG2R12930,10.34.34.22,00-1F-29-20-A7-F6, ,Sep 27 2012,23823,23823,,,,,
,C04C3678,Hewlett-Packard,LaserJet P3005,CNJ1R81161,10.41.29.159,00-1A-4B-23-F4-BF, ,Dec 20 2012,63478,63229,,Sep 27 2012,63184,63184,
,BF36FD0E,Hewlett-Packard,LaserJet P3005,CND1P11823,10.41.29.152,00-1A-4B-31-8E-03, ,Dec 20 2012,4421,4421,,Sep 27 2012,3162,3162,
,7CB5D6AF,Hewlett-Packard,LaserJet P3005,CND1R35877,10.41.29.148,00-18-FE-A2-54-51, ,Dec 20 2012,20425,20419,,Sep 27 2012,19108,19108,
,6616E969,Ricoh,Aficio MP 2000,L7086541478,10.34.36.22,00-00-74-E0-F0-55, ,Dec 20 2012,37554,31107,,Sep 27 2012,35996,29817,
,E574B3E2,Ricoh,Aficio MP 2000,L7006840815,10.41.12.206,00-26-73-11-E8-B7, ,Dec 20 2012,14333,12565,,Sep 27 2012,12745,11171,
,45A398C8,Hewlett-Packard,LaserJet P4015,CNDY319493,10.0.36.28,00-1F-29-22-DC-54, ,Dec 20 2012,179158,179135,,Sep 27 2012,170061,170061,
,34A3C54A,Hewlett-Packard,LaserJet P3005,CNR1N02403,10.0.36.25,00-21-5A-7C-38-56, ,Dec 20 2012,47729,47718,,Sep 27 2012,43229,43229,
,0C763541,Hewlett-Packard,LaserJet P3005,CNJ1N24977,10.0.40.13,00-23-7D-85-FB-BE, ,Dec 20 2012,40771,40701,,Sep 27 2012,29077,29077,
,18AEBC5F,Hewlett-Packard,LaserJet 4250,USBXP16811,10.64.10.16,00-12-79-47-B1-83, ,Dec 20 2012,238445,236937,,Sep 27 2012,236372,236372,
,F1DAA13E,Hewlett-Packard,LaserJet P3005,XXXXXXXXXX,10.34.36.20,00-1F-29-22-AA-E4, ,Dec 20 2012,7511,7505,,Sep 27 2012,5652,5652,
,31F74DFF,Ricoh,Aficio MP 2000,L7016340067,10.41.0.147,00-26-73-1D-FC-F5, ,Dec 20 2012,24737,19780,,Sep 27 2012,21725,17099,
,7737FD4E,Hewlett-Packard,LaserJet P3005,CND1S18249,10.34.34.22,00-17-A4-96-B1-16, ,Dec 20 2012,9647,35423,,Sep 29 2012,34572,34572,
,B5FABF9D,Hewlett-Packard,LaserJet P3005,CNJ2R22264,10.64.5.16,00-21-5A-99-26-A1, ,Dec 20 2012,4048,11518,,Sep 29 2012,8920,8920,
,BE355BE9,Hewlett-Packard,LaserJet P3005,CND1S12857,10.64.5.22,00-17-A4-95-7F-1B, ,Dec 20 2012,58348,123983,,Sep 29 2012,117374,117374,
,9D4C4456,Hewlett-Packard,LaserJet 4250,CNGXB65338,10.64.16.20,00-14-38-DB-B5-16, ,Dec 20 2012,109089,109089,,Sep 29 2012,105068,105068,
,3645AEE5,Hewlett-Packard,LaserJet 4250,CNBXC22586,10.64.16.17,00-01-E6-33-1B-05, ,Dec 20 2012,19928,30978,,Sep 29 2012,30469,30469,
,A1C7F0DB,Hewlett-Packard,LaserJet 4250,CNRXB92038,10.64.16.16,00-18-FE-A7-86-15, ,Dec 20 2012,132945,132935,,Sep 29 2012,130651,130651,
,053A9120,Hewlett-Packard,LaserJet 4250,CNRXS23224,10.64.16.19,00-14-38-D9-99-5D, ,Dec 20 2012,105657,105119,,Sep 29 2012,102155,102155,
,E0B0ADA0,Hewlett-Packard,LaserJet P3010 Series,VNBCC5M1BC,10.64.16.21,78-E3-B5-FC-53-7B, ,Dec 20 2012,567,567,,Sep 29 2012,470,470,
,0F0FA4ED,Hewlett-Packard,LaserJet P3005,CND1R20586,10.64.5.21,00-17-A4-94-6D-3D, ,Dec 20 2012,24842,88702,,Sep 29 2012,88249,88249,
,557972F2,Hewlett-Packard,LaserJet P3005,CNJ1N04590,10.64.5.17,00-18-FE-A4-A9-98, ,Dec 20 2012,46929,46907,,Sep 29 2012,44458,44458,
,472C21F8,Hewlett-Packard,LaserJet P3005,CNR1P01109,10.64.5.18,00-21-5A-7C-C0-61, ,Dec 20 2012,14779,14779,,Sep 29 2012,14731,14731,
,2EBBBEFD,Hewlett-Packard,LaserJet P3005,CNG2R18532,10.64.5.20,1C-C1-DE-13-2B-9F, ,Dec 20 2012,6911,6911,,Sep 29 2012,6722,6722,
,095C5ED5,Hewlett-Packard,LaserJet P3005,CNR1P01120,10.64.5.19,00-1F-29-1F-1B-B9, ,Dec 20 2012,49977,49977,,Sep 29 2012,48913,48913,
,9C29408E,Hewlett-Packard,LaserJet P3005,CNG1X16105,10.64.5.23,00-1E-0B-19-D0-55, ,Dec 20 2012,267,267,,Sep 29 2012,174,174,
,766BFD2C,Ricoh,Aficio MP 2000,L7006840189,10.64.5.24,00-26-73-18-F5-07, ,Dec 20 2012,18842,15864,,Sep 29 2012,16240,13489,
,E6463F60,Hewlett-Packard,LaserJet P3005,XXXXXXXXXX,10.41.9.15,00-1E-0B-19-FB-20, ,Nov 11 2012,63,63,,Oct 1 2012,63,63,
,F9EA8B40,Hewlett-Packard,LaserJet 1300N,CNCB154683,,, ,Nov 1 2012,142177,,,Oct 8 2012,141991,,
,366E39E6,Hewlett-Packard,LaserJet P2050 Series,VNB3T01320,,, ,Nov 2 2012,11247,,,Oct 8 2012,10916,,
,5EDBDBFE,Hewlett-Packard,LaserJet P4010_P4510 Series PCL 6,CNDY885147,,, ,Nov 2 2012,13887,,,Oct 8 2012,13830,,
,4DFDBCAC,Hewlett-Packard,LaserJet M1319f MFP,,,, ,Nov 1 2012,42661,,,Oct 8 2012,42308,,
,834564CB,Hewlett-Packard,LaserJet M1319f MFP,,,, ,Oct 8 2012,52355,,,,,,
,77A10AB2,Hewlett-Packard,LaserJet P2050 Series,CNBJ600910,,, ,Oct 12 2012,648,,,Oct 8 2012,640,,
,4E84C2A0,Hewlett-Packard,LaserJet M1319f MFP,,,, ,Nov 1 2012,63936,,,Oct 8 2012,63439,,
,D88A0682,Hewlett-Packard,LaserJet M1319f MFP,,,, ,Nov 1 2012,97193,,,Oct 8 2012,96410,,
,5C2AED54,Hewlett-Packard,LaserJet P1505,,,, ,,,,,,,,
,EADAB2B0,Hewlett-Packard,LaserJet P2050 Series,CNB9995322,,, ,Oct 12 2012,10078,,,Oct 8 2012,9450,,
,C4DE57EB,Hewlett-Packard,Laserjet P2035N,,,, ,Nov 1 2012,37102,,,Oct 8 2012,36799,,
,83FBFF65,Hewlett-Packard,Universal Printing PCL 5,CNGKC98175,,, ,Nov 1 2012,33209,,,Oct 8 2012,33093,,
,6BCDFDDA,Hewlett-Packard,Universal Printing PCL 5,,,, ,,,,,,,,
,720C05E2,Hewlett-Packard,LaserJet P1505,,,, ,Oct 12 2012,70934,,,Oct 8 2012,70814,,
,E2AAC319,Hewlett-Packard,LaserJet P2050 Series,VNB3R40962,,, ,Oct 12 2012,7392,,,Oct 8 2012,6941,,
,69803F31,Hewlett-Packard,LaserJet P2050 Series,CNB1B17159,,, ,Oct 12 2012,56242,,,Oct 8 2012,55422,,
,330B34C4,Hewlett-Packard,LaserJet P1505,,,, ,Nov 1 2012,25127,,,Oct 8 2012,25039,,
,05FBF8CC,Hewlett-Packard,LaserJet 1320 series,CNFC5622K9,,, ,Oct 12 2012,204687,,,Oct 8 2012,204497,,
,1BF43034,Hewlett-Packard,LaserJet P2050 Series,,,, ,,,,,,,,
,4A4BC1AC,Hewlett-Packard,LaserJet P2050 Series,,,, ,,,,,,,,
,7B0A2E29,Hewlett-Packard,LaserJet P2050 Series,CNB1C06292,,, ,Oct 19 2012,6889,,,Oct 8 2012,6847,,
,6298F3E3,Hewlett-Packard,LaserJet P2050 Series,VNB3T02274,,, ,Oct 8 2012,180,,,,,,
,087C1BD8,Hewlett-Packard,LaserJet 1022,,,, ,Oct 12 2012,144717,,,Oct 8 2012,144714,,
,C8694B67,Hewlett-Packard,LaserJet M1319f MFP,,,, ,Oct 19 2012,79544,,,Oct 8 2012,77909,,
,C00D4CDF,Hewlett-Packard,LaserJet P2050 Series,CNB9994582,,, ,Oct 8 2012,3555,,,,,,
,92995B33,Hewlett-Packard,LaserJet P3005,CND1R20584,,, ,Nov 1 2012,13309,13309,0,Oct 8 2012,13113,13113,0
,DCC5EA27,Hewlett-Packard,LaserJet P2050 Series,CNB1B07781,,, ,Nov 1 2012,72775,,,Oct 8 2012,72036,,
,5511417A,Lannet Company,--,,,, ,,,,,,,,
,6C70F7FA,Hewlett-Packard,Unknown,CNG1T03617,,, ,Oct 17 2012,22193,22193,0,Oct 12 2012,22157,22157,0
,7C54DBDD,Hewlett-Packard,Unknown,JPGGP14353,,, ,Nov 1 2012,164564,,,Oct 12 2012,164554,,
,19BEB396,Hewlett-Packard,LaserJet 1200 Series,,,, ,,,,,,,,
,45C9ED01,Hewlett-Packard,Unknown,,,, ,,,,,,,,
,9555EFF5,Hewlett-Packard,LaserJet P1505,,,, ,Oct 31 2012,11561,,,Oct 8 2012,10978,,
,52970153,Hewlett-Packard,Unknown,,,, ,,,,,,,,
,3FD92FB2,Hewlett-Packard,Unknown,,,, ,,,,,,,,
,C74338C5,Hewlett-Packard,Unknown,CNGSB02766,,, ,Oct 12 2012,161234,,,,,,
,FC4181FC,Hewlett-Packard,Unknown,CNBDB64214,,, ,Nov 1 2012,193081,,,Oct 12 2012,193055,,
,7B258D15,Brother,MFC-7440N Printer,,,, ,Nov 1 2012,32446,,,Oct 8 2012,32257,,
,5B236FF6,Brother,Unknown,,,, ,,,,,,,,
,11DAA005,Hewlett-Packard,LaserJet 1200 Series,,,, ,,,,,,,,
,413AE93D,--,--,,,, ,,,,,,,,
,8A98FC2D,--,--,,,, ,,,,,,,,
,2B1DCE4A,Hewlett-Packard,LaserJet M1319f MFP,,,, ,Nov 1 2012,82754,,,Oct 8 2012,82536,,
,7BA0B42E,Hewlett-Packard,LaserJet P1505,,,, ,,,,,,,,
,F6A2FECA,--,--,,,, ,,,,,,,,
,8F2B0126,Hewlett-Packard,LaserJet 1022,,,, ,,,,,,,,
,5359F9B9,Hewlett-Packard,Universal Printing PCL 6,CND1S01939,,, ,Nov 1 2012,79153,,,Oct 8 2012,78579,,
,3D81DAD8,--,--,,,, ,,,,,,,,
,273EF0D2,Hewlett-Packard,LaserJet P2035,,,, ,Oct 12 2012,98254,,,Oct 8 2012,98057,,
,D769E64C,Lannet Company,--,,,, ,,,,,,,,
,E71D9129,--,--,,,, ,,,,,,,,
,C26FBC04,Hewlett-Packard,Unknown,CNBCF04948,,, ,Oct 12 2012,71215,,,,,,
,E65F432E,Samsung,Unknown,,,, ,,,,,,,,
,D9104309,Hewlett-Packard,Unknown,,,, ,,,,,,,,
,7A2032CF,Hewlett-Packard,Unknown,,,, ,,,,,,,,
,5CEF9F72,--,--,,,, ,,,,,,,,
,BE480E9C,Hewlett-Packard,LaserJet P3010 Series,VNBCBD03DV,,, ,Oct 19 2012,86664,,,Oct 8 2012,86205,,
,8316095B,--,--,,,, ,,,,,,,,
,1BED4CB1,Hewlett-Packard,Color LaserJet CP3525,CNCC8D1089,,, ,Oct 12 2012,93584,54474,39110,Oct 8 2012,93515,54456,39059
,E47D062D,--,--,,,, ,,,,,,,,
,A19C3196,Hewlett-Packard,Unknown,CNGSB23718,,, ,Nov 2 2012,247463,,,Oct 12 2012,247420,,
,9090539,Hewlett-Packard,Unknown,,,, ,,,,,,,,
,E5250D18,Hewlett-Packard,LaserJet P2050 Series,,,, ,,,,,,,,
,99FDD2F4,Hewlett-Packard,Unknown,,,, ,,,,,,,,
,88CFCA37,--,--,,,, ,,,,,,,,
,7B9162A5,Hewlett-Packard,LaserJet 2200,JPGGJ61982,,, ,Nov 1 2012,149619,,,Oct 8 2012,148922,,
,C1E87738,Hewlett-Packard,LaserJet M1319f MFP,,,, ,Nov 1 2012,56553,,,Oct 12 2012,56020,,
,BBCBB51C,Hewlett-Packard,LaserJet P2050 Series,CNB1F06450,,, ,Nov 2 2012,1496,,,Oct 8 2012,1230,,
,122EC94C,Hewlett-Packard,LaserJet P1505,,,, ,Nov 2 2012,20848,,,Oct 10 2012,20418,,
,D1D48BB1,Hewlett-Packard,LaserJet P2050 Series,,,, ,,,,,,,,
,40BF4C5E,Hewlett-Packard,LaserJet 2420,CNGKJ44733,,, ,Nov 2 2012,120095,,,Oct 10 2012,118216,,
,40A81816,Hewlett-Packard,LaserJet P1505,,,, ,Nov 1 2012,76850,,,Oct 10 2012,76461,,
,9E75BAA6,Hewlett-Packard,LaserJet P3005,CNR1N02400,,, ,Oct 19 2012,23061,23061,0,Oct 10 2012,23062,23062,0
,56F83D9B,Hewlett-Packard,LaserJet P2050 Series,CNB1B17160,,, ,Nov 6 2012,24948,,,Oct 9 2012,24555,,
,6BB69A5D,Hewlett-Packard,Unknown,CNBCC22167,,, ,Nov 2 2012,86890,,,Oct 12 2012,86749,,
,197A418D,--,--,,,, ,,,,,,,,
,68497E4D,Hewlett-Packard,Unknown,,,, ,,,,,,,,
,AA035B54,--,--,,,, ,,,,,,,,
,D694EF12,Hewlett-Packard,LaserJet P3005,CNR1P04276,10.64.8.19,00-21-5A-7D-2C-69, ,Dec 20 2012,16930,16930,,Oct 10 2012,14460,14460,
,46F2141E,Hewlett-Packard,LaserJet P3005,CNJ1S96081,10.64.8.18,00-1B-78-24-DA-91, ,Dec 20 2012,719,14102,,Oct 10 2012,13393,13393,
,E75B018C,Hewlett-Packard,LaserJet P3005,CNT1N07263,10.64.8.22,00-23-7D-85-C9-44, ,Dec 20 2012,92993,92963,,Oct 10 2012,92920,92920,
,C8AA2E87,Hewlett-Packard,LaserJet P3005,CNR1P01119,10.64.8.20,00-1F-29-1F-2B-BA, ,Dec 20 2012,30807,30803,,Oct 10 2012,28297,28297,
,FE47F81E,Hewlett-Packard,LaserJet P3005,CND1S17781,10.64.8.21,00-17-A4-95-7C-FE, ,Dec 20 2012,32714,32653,,Oct 10 2012,30409,30409,
,4E437B6E,Hewlett-Packard,LaserJet P3005,CNJ1P30864,10.64.8.17,00-18-FE-A2-7D-C2, ,Dec 20 2012,33653,33643,,Oct 10 2012,33540,33540,
,F1BBFDD9,Hewlett-Packard,LaserJet P3005,CNJ1N30901,10.64.8.16,00-18-FE-A5-46-4F, ,Dec 20 2012,54407,54407,,Oct 10 2012,53360,53360,
,F5A37136,Hewlett-Packard,LaserJet P3010 Series,VNB3106255,10.64.8.22,80-C1-6E-96-62-0F, ,Oct 17 2012,1,1,,Oct 10 2012,3,3,
,95CAE705,Hewlett-Packard,Unknown,,,, ,,,,,,,,
,D94AA082,Hewlett-Packard,LaserJet P3005,CNJ1N34944,,, ,Nov 2 2012,6987,6987,0,Oct 11 2012,6732,6732,0
,00E97165,Hewlett-Packard,Unknown,,,, ,,,,,,,,
,1D6C71AF,--,--,,,, ,,,,,,,,
,C46204DB,Ricoh,Aficio MP 2352,W412L900240,10.64.8.23,00-26-73-36-D3-83, ,Dec 20 2012,2955,2776,,Oct 11 2012,50,50,
,D1BEAC34,Hewlett-Packard,LaserJet M1319f MFP,,,, ,Nov 1 2012,100571,,,Oct 12 2012,100563,,
,B01119F4,Hewlett-Packard,LaserJet M1530 MFP Series PCL 6,,,, ,,,,,,,,
,3E66B3DA,Hewlett-Packard,LaserJet M1530 MFP Series PCL 6,,,, ,Oct 31 2012,4412,,,Oct 16 2012,4274,,
,B421FCB4,Hewlett-Packard,Laserjet Pro 400 Color M451dn,CNBH115196,10.64.8.24,AC-16-2D-3C-45-6D, ,Dec 20 2012,1141,359,782,Oct 17 2012,1,,1
,1A2BA5A3,Hewlett-Packard,Unknown,,,, ,,,,,,,,
,E792976B,Lannet Company,--,,,, ,,,,,,,,
,DEC54B75,Hewlett-Packard,Unknown,,,, ,,,,,,,,
,AC403401,Hewlett-Packard,Unknown,,,, ,,,,,,,,
,C610C8B5,Hewlett-Packard,LaserJet P2050 Series,,,, ,,,,,,,,
,00229A70,Hewlett-Packard,Unknown,,,, ,,,,,,,,
,BA7DA9F0,--,--,,,, ,,,,,,,,
,AAA9B979,Hewlett-Packard,Unknown,,,, ,,,,,,,,
,BB6DFADA,Hewlett-Packard,Unknown,,,, ,,,,,,,,
,C116A9DB,Hewlett-Packard,Unknown,,,, ,,,,,,,,
,17629290,Hewlett-Packard,LaserJet P2050 Series,,,, ,,,,,,,,
,1E9ECFC2,--,--,,,, ,,,,,,,,
,B571A41C,Hewlett-Packard,LaserJet M1319f MFP,,,, ,,,,,,,,
,A39D1CE2,--,--,,,, ,,,,,,,,
,2DB0588A,--,--,,,, ,,,,,,,,
,B9F3C0DB,Hewlett-Packard,LaserJet P2050 Series,,,, ,,,,,,,,
,1F38B6DA,Hewlett-Packard,Unknown,,,, ,,,,,,,,
,8C9B56E0,Hewlett-Packard,LaserJet P2050 Series,,,, ,,,,,,,,
,F0C049E4,Hewlett-Packard,LaserJet P2050 Series,,,, ,,,,,,,,
,C590623B,Ricoh,Aficio MP 2352,W412L800513,10.30.35.245,00-26-73-49-53-4C, ,Dec 20 2012,2514,2192,,Nov 2 2012,1055,923,
,1.67E+28,--,--,,,, ,,,,,,,,
,F13787B2,Hewlett-Packard,LaserJet P3005,XXXXXXXXXX,10.0.36.142,00-1E-0B-19-D4-36, ,Nov 21 2012,44480,44480,,Nov 2 2012,18743,18743,
,670AFA3A,Ricoh,Aficio MP 2352,W412L100140,10.41.21.94,00-26-73-45-ED-73, ,Dec 20 2012,9782,9061,,Nov 2 2012,8761,8142,
,F09C2936,Hewlett-Packard,Color LaserJet CP3525,CNCC8CR0L0,10.30.44.13,00-21-5A-92-4C-7D, ,Dec 20 2012,99684,50919,47966,Nov 5 2012,95690,49765,45126
,E017195A,Hewlett-Packard,LaserJet P3010 Series,VNB3106261,10.0.40.90,80-C1-6E-96-52-7A, ,Nov 15 2012,580,580,,Nov 5 2012,19,19,
,33DB90AF,Hewlett-Packard,LaserJet P2050 Series,,,, ,,,,,,,,
,EF29E375,Hewlett-Packard,LaserJet 4250,CNGXF52463,10.41.20.210,00-14-38-92-B7-2A, ,Dec 20 2012,47266,62777,,Nov 6 2012,46600,62111,
,D85C58D8,Hewlett-Packard,LaserJet 4250,CNGXD37803,10.41.20.211,00-14-38-91-F8-E5, ,Dec 20 2012,70594,360924,,Nov 6 2012,68760,359090,
,3F7A6C52,Hewlett-Packard,LaserJet 4250,CNGXB04201,10.41.20.212,00-14-38-5C-F6-BF, ,Dec 20 2012,62150,95100,,Nov 6 2012,61340,94290,
,E56A4A71,Hewlett-Packard,Laserjet Pro 400 Color M451dn,CNBH408867,10.41.248.21,AC-16-2D-39-47-4E, ,Dec 20 2012,2625,827,1798,Nov 7 2012,5,4,1
,836EE345,Hewlett-Packard,LaserJet 2200,XXXXXXXXXX,10.30.34.240,00-0E-7F-34-B3-B5, ,Dec 20 2012,1466,,,Nov 6 2012,4,,
,EA79235C,Hewlett-Packard,Color LaserJet CP2025n,CNGSC61531,10.0.40.99,44-1E-A1-31-48-9D, ,Nov 20 2012,33066,13458,19608,Nov 8 2012,31413,12904,18509
,6FF503BC,Hewlett-Packard,LaserJet P3005,CND1S15990,10.30.37.84,00-17-A4-95-01-20, ,Nov 24 2012,258363,258252,,Nov 8 2012,258315,258204,
,6F9F906D,Hewlett-Packard,LaserJet P2050 Series,,,, ,,,,,,,,
,A8C5FEC3,Hewlett-Packard,LaserJet P2050 Series,,,, ,,,,,,,,
,294A0114,Hewlett-Packard,Universal Printing PS,,,, ,,,,,,,,
